arm,history,cutoff,end,seed,epoch,train_n,presentations,optimizer_steps,training_order_sha256,online_joint_loss,final_model_train_return_mse,final_model_train_auxiliary_mse,validation_mse
baseline,drop_early,2017-12-31,2018-12-31,20260910,1,1342,1678,14,77ec0a28ba9e7751f6a8dd7215f098547804d340922bf71f4c9146fecf9b43e6,1.0950701800802183,,,
baseline,drop_early,2017-12-31,2018-12-31,20260910,2,1342,1678,14,4c2cd4a79466b7a392e6e17c11e79e90ca6ae278584410510843963226b25efe,1.0983537828396557,,,
baseline,drop_early,2017-12-31,2018-12-31,20260910,3,1342,1678,14,dc60a755e0bd436ad2fba1d790933b8cbb938f29695e3d634ccee154f9e7b0bc,1.1058618647265064,,,
baseline,drop_early,2017-12-31,2018-12-31,20260910,4,1342,1678,14,a90bc30f8b646d4d0890f33689c1a8c33a82f33135f4b6983f326e92ee66efef,1.1003635259294111,,,
baseline,drop_early,2017-12-31,2018-12-31,20260910,5,1342,1678,14,3179f0283b7b5625d767d8c4686e900bae325b5875df9caeaac1b50e806e00a2,1.109114179736241,,,
baseline,drop_early,2017-12-31,2018-12-31,20260910,6,1342,1678,14,2ae321f4640b0d4891682933170f1ff3af4ec36a110a7b7b0e4ce88b8abeb08e,1.0978466574995112,,,
baseline,drop_early,2017-12-31,2018-12-31,20260910,7,1342,1678,14,298ee0f086fb242b63f35774eaee617a5d15a91d7de9c473e4d9eb1ef947ae45,1.0729050545357124,,,
baseline,drop_early,2017-12-31,2018-12-31,20260910,8,1342,1678,14,002a08fcc33fdc8c14736243ce2832ae5f766e0389a2bb98c342896f8f49230d,1.0578022312919062,,,
baseline,drop_early,2017-12-31,2018-12-31,20260910,9,1342,1678,14,5593620ee3ce11ba60e17fee8c1e33d0c4f03ca1b7db20217e99efe5af740868,1.0423598546663542,,,
baseline,drop_early,2017-12-31,2018-12-31,20260910,10,1342,1678,14,7dabba363102339ddd0f7c7b28432c07ee867450c0828be674ec473f610892c2,1.0009050901370906,0.8786816298517491,1.0556637498198962,0.0008986103306798493
baseline,drop_early,2017-12-31,2018-12-31,20260910,11,1342,1678,14,fe21bc31dde8687264d7b9abe6a5bd322aebbc41a970e1255222f3951198853b,0.9886971994151091,,,
baseline,drop_early,2017-12-31,2018-12-31,20260910,12,1342,1678,14,aa184d0ab840080f3fd51686ff92524f541d49e41957700e1105a31894bcdf2f,0.8946066645103927,,,
baseline,drop_early,2017-12-31,2018-12-31,20260910,13,1342,1678,14,7cc7e2e0daa553d7d7ea5bacad96c0f31df44fc5caafe0ce8515075f61ab8398,0.8170774890214241,,,
baseline,drop_early,2017-12-31,2018-12-31,20260910,14,1342,1678,14,9a1c6c68481eb6f8feac74b0e0e1b9309dc5795ca056c39379d3c572d2bd0817,0.8246390146066804,,,
baseline,drop_early,2017-12-31,2018-12-31,20260910,15,1342,1678,14,a6ff09b26cd05cb837536517eb8c0b93d82242f5019b69a95cd91ea852b3238f,0.7279221131349775,,,
baseline,drop_early,2017-12-31,2018-12-31,20260910,16,1342,1678,14,3243416cedff62bbf15f20185977a69d5a2ffd64b123d11b91e0ee43140f566d,0.7104431063966898,,,
baseline,drop_early,2017-12-31,2018-12-31,20260910,17,1342,1678,14,56636d01123cd85f9a816591cb4609bb1c67b406ce32cb2bcd3199a025b03d2d,0.6394622416831598,,,
baseline,drop_early,2017-12-31,2018-12-31,20260910,18,1342,1678,14,92ad73c6cab9677f0377a25ca0f15a79779ff8cfe70d4ee2d6d1f7a410b14fa7,0.6031023268193824,,,
baseline,drop_early,2017-12-31,2018-12-31,20260910,19,1342,1678,14,7cb0230c89961b5874076f5b8c77b03b50d14ac3a0d18c1f9a8d59073092a4b1,0.5812008858295391,,,
baseline,drop_early,2017-12-31,2018-12-31,20260910,20,1342,1678,14,63ac928008063dffff35621bf4f26079caac071314382116aae912678e9bf562,0.5706524774343379,0.38650023350950147,1.0289821823734107,0.0013827793039422119
baseline,drop_early,2017-12-31,2018-12-31,20260911,1,1342,1678,14,480019e37149d9622dbfcbd296af3d4924627714c8675b369996aa15a79817fb,1.1339657033868,,,
baseline,drop_early,2017-12-31,2018-12-31,20260911,2,1342,1678,14,849b6d0fd5dbbe173b2201a942fea58319896399ad5792bfe941ac8a3befa5fd,1.1018134803823123,,,
baseline,drop_early,2017-12-31,2018-12-31,20260911,3,1342,1678,14,22a3baa1708568e5519020c4b8c3dd0c74ed0a90af12897cd30e510c3da2eb6d,1.1190246347164796,,,
baseline,drop_early,2017-12-31,2018-12-31,20260911,4,1342,1678,14,4f226ac902457025db91c1cf0776bc042331030ef9eabde989f65f55b0d0459a,1.1057387206068483,,,
baseline,drop_early,2017-12-31,2018-12-31,20260911,5,1342,1678,14,a89d3db79fd2f744c61418f6ff35910e09eb9350ea34ae7948688956da387fd0,1.0912783467016574,,,
baseline,drop_early,2017-12-31,2018-12-31,20260911,6,1342,1678,14,4c2bb2605768f412d819857488d7f606d71529b239e690c79a8ec006a61503d4,1.0922975709242246,,,
baseline,drop_early,2017-12-31,2018-12-31,20260911,7,1342,1678,14,57d3c2c627a0790a1ac638f2e6f84b7422837b36f5fde48fbcc71edcc76ad994,1.0601693705807709,,,
baseline,drop_early,2017-12-31,2018-12-31,20260911,8,1342,1678,14,e2a6af66f0588b758516ea05c38fa71902f5c6a207139f8c8fa1459f6b495416,1.0172333242782392,,,
baseline,drop_early,2017-12-31,2018-12-31,20260911,9,1342,1678,14,8c3d8e34d8a838ad1fadba61728b38b7418907834c73011fb296f08008e3ebfe,0.9598803050611812,,,
baseline,drop_early,2017-12-31,2018-12-31,20260911,10,1342,1678,14,8cd42f54dfa1e8b29d14212064aa02520d854c2948070f88e73d26b79cb4c643,0.9210933738158343,0.7537648816400064,1.074753282322436,0.0010397329713117002
baseline,drop_early,2017-12-31,2018-12-31,20260911,11,1342,1678,14,6c9e3fb9826db90c26e459e516a8342695491c8a2d117b34a4df3afbb8081fda,0.8907298479091567,,,
baseline,drop_early,2017-12-31,2018-12-31,20260911,12,1342,1678,14,47aa6020ddb24ade4cb5066a1c4e525b5db6e0ff320563d9b8a8b3cf147ec42e,0.8835802405042501,,,
baseline,drop_early,2017-12-31,2018-12-31,20260911,13,1342,1678,14,414b5576d039a46c5ba641e8ab96962f9fdfee1cda1ca9f4b695b35cd6b9fed1,0.8354101650621099,,,
baseline,drop_early,2017-12-31,2018-12-31,20260911,14,1342,1678,14,555e5c2f28502625da4883249f71b4bee804b50947cd0517d4ef79bf29ecc76f,0.8207847056854893,,,
baseline,drop_early,2017-12-31,2018-12-31,20260911,15,1342,1678,14,5847e29799bd27a79c43008efa712caf6a7aac282eb4933db8e85aa4b32394a4,0.7549649435800364,,,
baseline,drop_early,2017-12-31,2018-12-31,20260911,16,1342,1678,14,72deb7b9d67dc2dcdc9d936e93132ad151489c40ee79633fdaabc725705492d5,0.7013986518471119,,,
baseline,drop_early,2017-12-31,2018-12-31,20260911,17,1342,1678,14,a9c8755342872b57fa9c31f8695d16c0bdae399db17e93c8f7e883d33f8b79e8,0.6961311945187747,,,
baseline,drop_early,2017-12-31,2018-12-31,20260911,18,1342,1678,14,3328c9acd9f3e15e990c35fb86d8c72d41d37ee5ca51aff1183be03a6ec20c11,0.686149703447526,,,
baseline,drop_early,2017-12-31,2018-12-31,20260911,19,1342,1678,14,9cb5454e1a145c67746a1f8c34e660de8a14a39aaae982e11e9ec59b819e527a,0.6367474257306632,,,
baseline,drop_early,2017-12-31,2018-12-31,20260911,20,1342,1678,14,83dff6026ae16a8ca072c296a771080fc97c4368c54d0c9c6feec8bea582cc5b,0.6209206915015402,0.5068582088510255,0.8350006393455358,0.0012803563499632943
baseline,drop_early,2017-12-31,2018-12-31,20260912,1,1342,1678,14,092cda6b97e4d44621ef14c167b0bb59713f22e0b338a825a94db40a50d4765e,1.0827835010402393,,,
baseline,drop_early,2017-12-31,2018-12-31,20260912,2,1342,1678,14,f1fc82aa7bc811afabc2b6410bcca49f83724681e6dbfef79f6480ec90d344d6,1.096570597359904,,,
baseline,drop_early,2017-12-31,2018-12-31,20260912,3,1342,1678,14,2dca5440dce6c7a5bb03e89adf99ab969440a742212c2511cf38fa267603854e,1.1074068629414873,,,
baseline,drop_early,2017-12-31,2018-12-31,20260912,4,1342,1678,14,2d59fa8c6d0a82c4d3be642dc8d2a940b8d082dc8d560f0548431a427d4fdd8a,1.1372367145051832,,,
baseline,drop_early,2017-12-31,2018-12-31,20260912,5,1342,1678,14,fb5cd5b9fffb0d4189051d0421c25e4acbd44d9a606ec7208e53dd00f0b31a50,1.0930678031725878,,,
baseline,drop_early,2017-12-31,2018-12-31,20260912,6,1342,1678,14,5a691e9b0accc4bdb4298335773ad4ab4a0ae2df017a522f8f449d3b09fc7c6d,1.088348210923578,,,
baseline,drop_early,2017-12-31,2018-12-31,20260912,7,1342,1678,14,17b323aaf32533c8d76b90730c51f7f041148e71f7f02a102bda66a18bbec85f,1.1251731898560142,,,
baseline,drop_early,2017-12-31,2018-12-31,20260912,8,1342,1678,14,d3efab97e67924395584461c3c12197cf618db3ba188ea284c4f52ac28bb6967,1.0861757186655492,,,
baseline,drop_early,2017-12-31,2018-12-31,20260912,9,1342,1678,14,936755b370b660bd5066e881df25489193f784e88f2eefe6be104634c28b2302,1.0893147736254978,,,
baseline,drop_early,2017-12-31,2018-12-31,20260912,10,1342,1678,14,4caa334ba124a08b27c6029fe34c4883ede54f3106892555741e5cb5df56a186,1.021801658694025,0.8711159517086388,1.064669221062241,0.0009590867138335317
baseline,drop_early,2017-12-31,2018-12-31,20260912,11,1342,1678,14,a4da6997564ac029ed3654d9a7608b9c5e329b60441473fb1350849283f276c5,0.9745746107863016,,,
baseline,drop_early,2017-12-31,2018-12-31,20260912,12,1342,1678,14,7122138ac9dbe0d5d304fe645d8081eb63710971a0ea069b0909485a0d8dd290,0.9284438369384965,,,
baseline,drop_early,2017-12-31,2018-12-31,20260912,13,1342,1678,14,c1679988401e14af978738d0481bd000efca23161cf05c0c446efb778a6edfd6,0.8850846255067136,,,
baseline,drop_early,2017-12-31,2018-12-31,20260912,14,1342,1678,14,27b2e3cf5f950008253493ce8a2cc4cb2c967b97d2371be7b53dcd3200a477d2,0.8072448607281081,,,
baseline,drop_early,2017-12-31,2018-12-31,20260912,15,1342,1678,14,b10543dd1a00d1692f8d8d303bd021691c364d5543b349f3fc20a5fc8d687f35,0.7600413209917435,,,
baseline,drop_early,2017-12-31,2018-12-31,20260912,16,1342,1678,14,f7b4f449d512ff3e10e1e0adb0c318d8aa74632db42f27c20ee6a216ec933710,0.7400346339388314,,,
baseline,drop_early,2017-12-31,2018-12-31,20260912,17,1342,1678,14,b0cfbf29015c5c2e67265d1cc6e321ea3b6a7f5ac563ec8774084e1897f570d4,0.7215769303001295,,,
baseline,drop_early,2017-12-31,2018-12-31,20260912,18,1342,1678,14,8882dcf9315875697e8e19bdb2ed85b4f2953b4305f76aa43b36ba629981349a,0.6600120635225889,,,
baseline,drop_early,2017-12-31,2018-12-31,20260912,19,1342,1678,14,175d2d845359e7d3a0778e7a805d743e81154f9dcd8b0bfb638edeb0bcab9bb1,0.6337992232803509,,,
baseline,drop_early,2017-12-31,2018-12-31,20260912,20,1342,1678,14,02546969dcebd4e8e25adb83ddcabb9fcf93eea753659be1e24ff7b4c19eec4d,0.6339184276679701,0.4244667421332415,0.8845610469357623,0.001618748750790198
baseline,drop_middle,2017-12-31,2018-12-31,20260910,1,1342,1678,14,cb30d22fd3625a73a0e1c489208364ea47f36437dfb70401aebbd157c0d4c5fe,1.100774926707344,,,
baseline,drop_middle,2017-12-31,2018-12-31,20260910,2,1342,1678,14,393972e04afec2e548db5a9c53658e234cee46ed840fe7d18ff19f3f897644c3,1.1151673383167162,,,
baseline,drop_middle,2017-12-31,2018-12-31,20260910,3,1342,1678,14,51f3dee49f444a8053066738542ca77e878aa2fff11747e67c20d1b0f242cd6f,1.1129825142200003,,,
baseline,drop_middle,2017-12-31,2018-12-31,20260910,4,1342,1678,14,374fa63c9e0d2159ba7c53123b2e26d8e4f4ca1b67722042ca4320d4c0935b07,1.1076880906563122,,,
baseline,drop_middle,2017-12-31,2018-12-31,20260910,5,1342,1678,14,330d0c1827e8674d7a929c6b2dc3e89dd89c9afb83514106afabb83b1353dee3,1.1117732208022344,,,
baseline,drop_middle,2017-12-31,2018-12-31,20260910,6,1342,1678,14,e3ecb3e50247c25064a16d1eb756cd1bab97fd6684e904807c74a6d4950793bc,1.0960526013829,,,
baseline,drop_middle,2017-12-31,2018-12-31,20260910,7,1342,1678,14,1228eec0553e4de77fa7ac46400bad2688f554af2cc5a90c0b1e70a32ef261f5,1.0326125672235817,,,
baseline,drop_middle,2017-12-31,2018-12-31,20260910,8,1342,1678,14,2050315073f2a32e3eeab459de6dc1e3d00226ce78572f565115bc539d8d3ddd,1.008551438460049,,,
baseline,drop_middle,2017-12-31,2018-12-31,20260910,9,1342,1678,14,d3405915eb6f48089bc7f64f791c81509ba1df659fb7ca150f453d668d204881,0.9933084839859508,,,
baseline,drop_middle,2017-12-31,2018-12-31,20260910,10,1342,1678,14,96b8e745d676fe3548483eb7d94b268c7f51cbed5ff240ab55d431f6ef5f2c0a,0.9324474194763102,0.8278242742251355,1.0769413011440043,0.001077499778547045
baseline,drop_middle,2017-12-31,2018-12-31,20260910,11,1342,1678,14,5095de95317024c55769ececb66558a99bb6a73694f1c8558340c753beea0b59,0.9684512247914211,,,
baseline,drop_middle,2017-12-31,2018-12-31,20260910,12,1342,1678,14,0ce73dcdd7866cc36b18fb51c0085307f93bb7935bc474058aa8e66b6ae8da0b,0.91796155979011,,,
baseline,drop_middle,2017-12-31,2018-12-31,20260910,13,1342,1678,14,31bdc0574d497260e662db20ebf62440078fb5e52beb9c2ab2a5bd4197008e4b,0.8709028670131379,,,
baseline,drop_middle,2017-12-31,2018-12-31,20260910,14,1342,1678,14,762acc6a4b3aa0dd5795b38666663d1d257933eced394502b2425d24516931a5,0.8933248343712099,,,
baseline,drop_middle,2017-12-31,2018-12-31,20260910,15,1342,1678,14,f692575b07bcb9fbd3a604bb16099e856e4fffcb2a22ba90e01a8ba12f190539,0.845194307925164,,,
baseline,drop_middle,2017-12-31,2018-12-31,20260910,16,1342,1678,14,ec8b2812fdc1c4b05e0a0b38a1d282d3b062cde327c336d9113a406ab79bf96f,0.8199117720766488,,,
baseline,drop_middle,2017-12-31,2018-12-31,20260910,17,1342,1678,14,331bdd202a20ad30de6972fbbe1c762c3e392112b6a6ca5661575cb300b40535,0.8151752138876659,,,
baseline,drop_middle,2017-12-31,2018-12-31,20260910,18,1342,1678,14,a0cf9be92422b6903ced31aa2602f61879e9de8c824c65a4e05d8da614989b85,0.7944966966688136,,,
baseline,drop_middle,2017-12-31,2018-12-31,20260910,19,1342,1678,14,94e35bf0d8fce1b89ddcb660e6d77bfb794b3c9ba5c7fa8d3cddbf0e03b8c5d0,0.7256777984166742,,,
baseline,drop_middle,2017-12-31,2018-12-31,20260910,20,1342,1678,14,9d84b346d158a2326025c2bd2c9d719f8194a4dd150f11f7a801e3264cc5624e,0.7140500805517204,0.5411625803849381,0.9769917714080583,0.0014265236668493616
baseline,drop_middle,2017-12-31,2018-12-31,20260911,1,1342,1678,14,8dae419c2ea62edae9424ace0e83472c70f1b3c57eb7623a56d8a8f805313ca3,1.1475722656204532,,,
baseline,drop_middle,2017-12-31,2018-12-31,20260911,2,1342,1678,14,66f57e1e1d29c6d7127583d22bee3d6a53b0bffd43904bbfa61cb90ec9f5b472,1.0956794566278378,,,
baseline,drop_middle,2017-12-31,2018-12-31,20260911,3,1342,1678,14,d22086e8616a38a59ba48665fbfa23353ba761567e8777e2997cb7b583d3697e,1.091015791225206,,,
baseline,drop_middle,2017-12-31,2018-12-31,20260911,4,1342,1678,14,8b4dbe49887a7fdb45522c78872c920d6b566005c38aa4600f82ed8df4634439,1.0851739007042758,,,
baseline,drop_middle,2017-12-31,2018-12-31,20260911,5,1342,1678,14,beafe227a2b06c56056c83d36e8d00ca37cf52e88f888679ec6310c6d2166fef,1.1226157391881204,,,
baseline,drop_middle,2017-12-31,2018-12-31,20260911,6,1342,1678,14,ce74d7bb045878b53eaa83af8f7e5037b8da637ace82299bfad2cc8943885937,1.09007113347889,,,
baseline,drop_middle,2017-12-31,2018-12-31,20260911,7,1342,1678,14,22d96c542275c3ad2dbfe07dc7cac9c4ed1f9d1d085f2afec03dbba492e98605,1.0510293275153395,,,
baseline,drop_middle,2017-12-31,2018-12-31,20260911,8,1342,1678,14,5dc5a0099c55650b7e1666bf4ba8b4fdb3bcc043e2c00541efe72f11809fc67c,1.0458612694927847,,,
baseline,drop_middle,2017-12-31,2018-12-31,20260911,9,1342,1678,14,69b1ba0357cac01fd5a6b42344c06ffac7ef9342e829b5660d95bc7ea9a860e0,0.9986040611375074,,,
baseline,drop_middle,2017-12-31,2018-12-31,20260911,10,1342,1678,14,b51979f93c9b6da7c2c0cf1d53d98625e487a5550ec92b2edf3b793ac00fbdae,0.9671168655547823,0.7778452547758418,1.0391100558012325,0.0010867741073359357
baseline,drop_middle,2017-12-31,2018-12-31,20260911,11,1342,1678,14,31dc889b89ddd9da6fbdc1269da5cd419032859d27df498082eed90af00460ec,0.8928729590556903,,,
baseline,drop_middle,2017-12-31,2018-12-31,20260911,12,1342,1678,14,b5bc2bf316ac43c6758eba85a150e650093df1207c0a5fcfbf79b53fbbb074cb,0.8936085589452069,,,
baseline,drop_middle,2017-12-31,2018-12-31,20260911,13,1342,1678,14,edf6504820c5235ac1aa31e839f8031c100708ab5d04c99c31db01253c801837,0.8356510586903405,,,
baseline,drop_middle,2017-12-31,2018-12-31,20260911,14,1342,1678,14,a8322e7cd6efa2de18ab5b0244de0755142ea3ab0d9d97d610f078cbb732b336,0.8092378355180834,,,
baseline,drop_middle,2017-12-31,2018-12-31,20260911,15,1342,1678,14,c02548e71ce36739ba418ff1e59504434b94b81c7f8ea93b97c7649e8881490b,0.8161582129788768,,,
baseline,drop_middle,2017-12-31,2018-12-31,20260911,16,1342,1678,14,13cff54d59c8dc6a80a426a6c2b5c4e43b4dcc1f6f175f71fce8bb615e865e03,0.7440786834837285,,,
baseline,drop_middle,2017-12-31,2018-12-31,20260911,17,1342,1678,14,31fb3801b8be34e092e6a4bf3dc91668dc04a2238af19902f123a961ef1e41dd,0.7679266425224822,,,
baseline,drop_middle,2017-12-31,2018-12-31,20260911,18,1342,1678,14,433aa54f6caec544ec105dca9a83a888449c8d2a50b7b5331a2a3384daa72ab2,0.7514365459653561,,,
baseline,drop_middle,2017-12-31,2018-12-31,20260911,19,1342,1678,14,ba2fcb522676512be8832293cadc1ef10245662706a27fe1a2ae8efd1048a3fe,0.6745212709662173,,,
baseline,drop_middle,2017-12-31,2018-12-31,20260911,20,1342,1678,14,6ce7d7bbbe450342ab2c5e3aba401713b39876f1ea221cceb858ea5cd90600cf,0.6916260398187285,0.5075571199465437,0.8167503260287016,0.0012581523089391445
baseline,drop_middle,2017-12-31,2018-12-31,20260912,1,1342,1678,14,0c9df30c027f913bcc65b25521566dd1b84d3bec77c14f9925990ec3e44ad30c,1.1141744783865255,,,
baseline,drop_middle,2017-12-31,2018-12-31,20260912,2,1342,1678,14,e2e565f070002f2d6571d5eaccf1001c7c5c6a6e9321dcbe4f9857105bafe2fd,1.1109890839766547,,,
baseline,drop_middle,2017-12-31,2018-12-31,20260912,3,1342,1678,14,d32e9fdaa78a28c2f62ba0d9587311cc18ecfe8a52b22a0a84c546191beab3f6,1.1199239557775469,,,
baseline,drop_middle,2017-12-31,2018-12-31,20260912,4,1342,1678,14,34fc8ac4cb70e3fdc52ba73d1100eda82b9b3edbe6cd2e25d3b6e9ff4fbd6324,1.1482269942973595,,,
baseline,drop_middle,2017-12-31,2018-12-31,20260912,5,1342,1678,14,acef3613972d0a996ccabc1ef51cda8c6fb3ecaa740f8f12d541b1cf1173727d,1.0915695190145518,,,
baseline,drop_middle,2017-12-31,2018-12-31,20260912,6,1342,1678,14,da901be73f15bf958edf1c9c1111dfef4fd2ec4fba2575a82496eba7a0a2f37b,1.0690111198925432,,,
baseline,drop_middle,2017-12-31,2018-12-31,20260912,7,1342,1678,14,a948d4d46df19de8898fad075f4f20ec82983c609ee07cfc59037636d6f0fecc,1.1112983505262664,,,
baseline,drop_middle,2017-12-31,2018-12-31,20260912,8,1342,1678,14,30e78dcb5cb8594ff86f9d77d0f8778b0fa4dc0d2d8135632b39fe41956e1776,1.0636295740880046,,,
baseline,drop_middle,2017-12-31,2018-12-31,20260912,9,1342,1678,14,8fa97ed9438c7763241df3e9192e953127535f7f34efd6fdefc6282022685aa1,1.041062358593628,,,
baseline,drop_middle,2017-12-31,2018-12-31,20260912,10,1342,1678,14,9eebe717ea967bf9d3ec594ac54a5c61c4cfdc41fe085eb760c81c5a6e1d8bea,0.976630641251838,0.8113258719977252,1.1630893442918575,0.001173482108895629
baseline,drop_middle,2017-12-31,2018-12-31,20260912,11,1342,1678,14,057c47f08347e99e841a7ef306a81eda946dae561d51f1753a61fafe70c9e7f6,0.9700294298267478,,,
baseline,drop_middle,2017-12-31,2018-12-31,20260912,12,1342,1678,14,ba4c78f1fd2b7c0d76a1460c84a89e0721fec38506fe2fe5fc56d0958d3757a8,0.9271984846287887,,,
baseline,drop_middle,2017-12-31,2018-12-31,20260912,13,1342,1678,14,aecf97490ac790cd5bcc61ef3cf5b484bd20c73cd962a80beef738695bf6bfea,0.9071907300914996,,,
baseline,drop_middle,2017-12-31,2018-12-31,20260912,14,1342,1678,14,03583e231482ffbdb76b7299afe5b538cb0b88140ec8066a2b96c63829b7b050,0.8343974273736201,,,
baseline,drop_middle,2017-12-31,2018-12-31,20260912,15,1342,1678,14,331d70030b6fb7636de1637bdce606c7fd5e2bc8d4115b72b8be7bd1323dc50b,0.8541094566272467,,,
baseline,drop_middle,2017-12-31,2018-12-31,20260912,16,1342,1678,14,7a18fe5da853e22a249322d6dfe0e28951694dcf38853448842804aa0d0701b7,0.8227620387674088,,,
baseline,drop_middle,2017-12-31,2018-12-31,20260912,17,1342,1678,14,9e7d38bdc874b909b46ac1b850219beb6c42ee31db59d2a10fd177e142a56e5a,0.7997463630408013,,,
baseline,drop_middle,2017-12-31,2018-12-31,20260912,18,1342,1678,14,12929a19e6f97488db71ff76af2c44e5b3122f5243bec3302936c1ab5dad163a,0.7709974734660979,,,
baseline,drop_middle,2017-12-31,2018-12-31,20260912,19,1342,1678,14,d90d0e7f279b3e6c535422d951f02f0b01acb8b5c4e1214d033aad0c7d86c505,0.7437963726551797,,,
baseline,drop_middle,2017-12-31,2018-12-31,20260912,20,1342,1678,14,013c1e2da84da109baa36899f074344a4fa24bc62502b6aafea3d221e5395479,0.7418099767545125,0.5152955659277926,1.002042304208133,0.0014945293017514384
baseline,drop_recent,2017-12-31,2018-12-31,20260910,1,1343,1678,14,1ee8b5fee9d3211f20b8812eed6ba594139573f989e0c4315380a6702cde9b9e,1.1233529017281334,,,
baseline,drop_recent,2017-12-31,2018-12-31,20260910,2,1343,1678,14,fd92e15f6582991e57e41289e96bee2d9646895d161036cffe2f5b81ad1ac682,1.1055994578709336,,,
baseline,drop_recent,2017-12-31,2018-12-31,20260910,3,1343,1678,14,2f991dd6d3fea3c7ed8b4ded1ecc2f81799d40abb4556c29cccdb93bdad730b3,1.1028904568168632,,,
baseline,drop_recent,2017-12-31,2018-12-31,20260910,4,1343,1678,14,82202824aed7232ac7fca2506f061d22bb83ab1d00c40e48a80d355137918f32,1.104601038653177,,,
baseline,drop_recent,2017-12-31,2018-12-31,20260910,5,1343,1678,14,9bc95690ae5c0ee6b09754f3f060d38504f03577be972dfe2d41ad63401364c8,1.1053132286230913,,,
baseline,drop_recent,2017-12-31,2018-12-31,20260910,6,1343,1678,14,97fda5760eab4c2ab58139db6735df115cd05c1f960480403af74db817c91788,1.0960009858207567,,,
baseline,drop_recent,2017-12-31,2018-12-31,20260910,7,1343,1678,14,c0890b6c4edc07a7fef69c782868405037701995fefd31c40a8e46a1c3683cfc,1.0807031836356253,,,
baseline,drop_recent,2017-12-31,2018-12-31,20260910,8,1343,1678,14,fd65c4bfe5715dba03912caf19c60efee76affbd7a0be83e889e25f60b19aaee,1.1130550110865833,,,
baseline,drop_recent,2017-12-31,2018-12-31,20260910,9,1343,1678,14,b9e0aba3a21418a527d1a9daa7f17622bfa999cca531609ae38c24717d8017e0,1.0712579885171338,,,
baseline,drop_recent,2017-12-31,2018-12-31,20260910,10,1343,1678,14,2b199bb2f582e75b9f1cdd80fe785ce1b608363497cc8bfccae107f1d5b09fc9,1.0573930826317852,0.9566154948651391,1.0174473104242594,0.0009438853489863053
baseline,drop_recent,2017-12-31,2018-12-31,20260910,11,1343,1678,14,d4d3f939b2f72ce93149cd659359f51e3fe8261e0bd3c1d393aeb10dc0efc46f,1.0568668934670904,,,
baseline,drop_recent,2017-12-31,2018-12-31,20260910,12,1343,1678,14,489cba5b65d0f6b603be45d5cc69c20fd2502730ce67f371836927a04374f585,1.038289380087756,,,
baseline,drop_recent,2017-12-31,2018-12-31,20260910,13,1343,1678,14,d91f6bc093d7bb3288c0a606d5a20c3666fde83e8352fde4f79287627d6032d7,0.9747943805710494,,,
baseline,drop_recent,2017-12-31,2018-12-31,20260910,14,1343,1678,14,d3142a82f568920fe21905896d590c87b7c650958b742c181c4ec609108e2672,0.9255846667772822,,,
baseline,drop_recent,2017-12-31,2018-12-31,20260910,15,1343,1678,14,d1744c2534d0dd63b3526dbae3bac572597f3b285e3e19d441433f05654fc103,0.9292243841294026,,,
baseline,drop_recent,2017-12-31,2018-12-31,20260910,16,1343,1678,14,cee2a649bbff2626c68fccc441c0c4c155da897404b500e414ff6076398179ff,0.850164396828207,,,
baseline,drop_recent,2017-12-31,2018-12-31,20260910,17,1343,1678,14,a69a1c4050eb187754e900a7d9938d930e3af2a3918c33eadcc809db33ccdb6f,0.8193269584758631,,,
baseline,drop_recent,2017-12-31,2018-12-31,20260910,18,1343,1678,14,30d8b3ab2bb5b7eac0a6b1f5668fd6c4d5cbdf4fae406b1f78228a957243e84b,0.7767985966833613,,,
baseline,drop_recent,2017-12-31,2018-12-31,20260910,19,1343,1678,14,2c1846bff5fa3d2dc2a7fe7ff356c43aa8282935c749c2c79c2563548af6d502,0.7471583674931555,,,
baseline,drop_recent,2017-12-31,2018-12-31,20260910,20,1343,1678,14,544981e42b70a8963cc6fcc80b78f9daffb64301e898bbe837d3d1c14bc677f4,0.7012902736947988,0.5976410565408237,0.9187978743086621,0.0011875402201939303
baseline,drop_recent,2017-12-31,2018-12-31,20260911,1,1343,1678,14,8b4b393d2ad5a16b8436b32ffcbdabfe8faa67253289dcbbe8e1752431ecdee2,1.1121093496520413,,,
baseline,drop_recent,2017-12-31,2018-12-31,20260911,2,1343,1678,14,bf40f87cec2b282c8d4348c7120574684fb9c893b77f5d86c3bfb3df1241910b,1.0903857342534753,,,
baseline,drop_recent,2017-12-31,2018-12-31,20260911,3,1343,1678,14,873c22450b1c6fe8498bf906bffc5f9c1abdc5cbe20651c617183376179359a9,1.099672049390545,,,
baseline,drop_recent,2017-12-31,2018-12-31,20260911,4,1343,1678,14,22c7551144baad55302d98c1e0b625c9e3b6a498fe947a8007855aa34187a0b7,1.0803881980238996,,,
baseline,drop_recent,2017-12-31,2018-12-31,20260911,5,1343,1678,14,810718c56922b5f56ce04b2da0642513f11f0e55055154d969be78aad2efff84,1.132362404227683,,,
baseline,drop_recent,2017-12-31,2018-12-31,20260911,6,1343,1678,14,65c9d7aceb921f1dd450edcda708c21fc573ca32ba5e7f1fbcc3a1b4e707ea17,1.1054040108306757,,,
baseline,drop_recent,2017-12-31,2018-12-31,20260911,7,1343,1678,14,98990cf2320f233a144173bbe945728b52def6457de3823deb1dd09678db3879,1.0967130589968257,,,
baseline,drop_recent,2017-12-31,2018-12-31,20260911,8,1343,1678,14,a68c3d99cb04c28f4ee8346c29a861f57b44707dddfca05634d46e9cc160e426,1.0505421577250147,,,
baseline,drop_recent,2017-12-31,2018-12-31,20260911,9,1343,1678,14,37d7b7749b7a83948086e82e1b2fe2f66305a8e92a956c8a051039f9a1d81cee,1.0298758689780343,,,
baseline,drop_recent,2017-12-31,2018-12-31,20260911,10,1343,1678,14,5f174daf282162c628b3841401ea78cd4892baf484b579d3ebf4e64194e7d53f,0.9967475690489304,0.8709969935981711,1.0300595701761595,0.0010423327248055918
baseline,drop_recent,2017-12-31,2018-12-31,20260911,11,1343,1678,14,dd06d593b7be5701647de455bea62fce62fc8e72e20189bd62d16c00a8e43153,0.9671897508461512,,,
baseline,drop_recent,2017-12-31,2018-12-31,20260911,12,1343,1678,14,6b2055f7b9a93ace3731c1f7f8336228bb1535d80744ed4a90e6447678ea3431,0.9568769890588572,,,
baseline,drop_recent,2017-12-31,2018-12-31,20260911,13,1343,1678,14,e31dd3fa8854eca2ae7bb7829c02d7b403823e370a33989fc1b2c51ba8f2de5b,0.8939829694642214,,,
baseline,drop_recent,2017-12-31,2018-12-31,20260911,14,1343,1678,14,ee1f945ce3fed0b9d3b7f00fa3aaa805ac2324e3a3cc0a5bc199db26da0269a1,0.8710813663713411,,,
baseline,drop_recent,2017-12-31,2018-12-31,20260911,15,1343,1678,14,a0502fc8908b60c1d502ea63b2765fde2c9eaada80f790e82048e2d1beb449c6,0.8110633222508346,,,
baseline,drop_recent,2017-12-31,2018-12-31,20260911,16,1343,1678,14,3a0de4d5efb55d09ffc554070f115f5633cd6ba49b06427a323defdcb6c36feb,0.790501210487784,,,
baseline,drop_recent,2017-12-31,2018-12-31,20260911,17,1343,1678,14,fa5742c50e2aa610918741c8d291555f69d5e22f1e39f45a4967f063a5772fb8,0.7854045277130618,,,
baseline,drop_recent,2017-12-31,2018-12-31,20260911,18,1343,1678,14,d9199fcc60018bba94e3c590ae1b1f80111a08555148e0fd81a2523fbd5a395e,0.7555394390058461,,,
baseline,drop_recent,2017-12-31,2018-12-31,20260911,19,1343,1678,14,6d956678057952d25e6a35363ae496d3fbe255cc428e131c60ae2a4b56c1e8d2,0.7299495442050006,,,
baseline,drop_recent,2017-12-31,2018-12-31,20260911,20,1343,1678,14,cb61f72618b4150b8b0bf1921db42b17878bb4e7327057981cd8fa3f8ab78883,0.6748472131051665,0.5068980804238848,0.8817730447026393,0.0011257679818411832
baseline,drop_recent,2017-12-31,2018-12-31,20260912,1,1343,1678,14,a30c63a3c6ddf17ccb12e6753562c3bd1887db2df17e0ad6690633e61c71dc05,1.1364551595766297,,,
baseline,drop_recent,2017-12-31,2018-12-31,20260912,2,1343,1678,14,5c9cd33e3285a3b582cdc186085afd27db6c001dd234872fe5b7ed8e4a2a11c4,1.107014040412721,,,
baseline,drop_recent,2017-12-31,2018-12-31,20260912,3,1343,1678,14,db11e3c4262303dac88c36111228666a33564f70669ff84ee63b7190d16b0692,1.1080054483766066,,,
baseline,drop_recent,2017-12-31,2018-12-31,20260912,4,1343,1678,14,322561ec6c0407f9ec24b663781358098bc98ebb148bd5ea3f27f34b94117f91,1.1069643514517238,,,
baseline,drop_recent,2017-12-31,2018-12-31,20260912,5,1343,1678,14,c03638854e747e3c826c090485d222d7fc4eb52ef93f144ff97edb6b20b24e4f,1.097641515007178,,,
baseline,drop_recent,2017-12-31,2018-12-31,20260912,6,1343,1678,14,3f9839ed07fb086b4495fdd4f7556d564108c3c4a59e74e1c54559410de0251c,1.0826596521791314,,,
baseline,drop_recent,2017-12-31,2018-12-31,20260912,7,1343,1678,14,33c860218baf4ab909bacc86e2b51088765ff8c761730e81d97dd6b5048b2bb9,1.097496251667782,,,
baseline,drop_recent,2017-12-31,2018-12-31,20260912,8,1343,1678,14,ad31980a81a65739c8943e50d3f5a732d19113fd0e5367d7518063f48a464743,1.160165224512939,,,
baseline,drop_recent,2017-12-31,2018-12-31,20260912,9,1343,1678,14,006f8b248f034cce8e568ca59dd0dfcc3679b14f24771e3b7e40ab249bfce679,1.0610825243951028,,,
baseline,drop_recent,2017-12-31,2018-12-31,20260912,10,1343,1678,14,95dd9206084990ba4b28a3568f938020da79a0059a4252b8eebfcfd34c9de65c,1.0684717140550124,0.9351773180361568,1.0492523346742586,0.001050862127279885
baseline,drop_recent,2017-12-31,2018-12-31,20260912,11,1343,1678,14,84214d2ce0b5c66e7d3a9db1e47d1536bfd0a68083a3700684ce8da3647e7222,1.011221446638596,,,
baseline,drop_recent,2017-12-31,2018-12-31,20260912,12,1343,1678,14,c6d20662b806a379132eb43e63a7d47d8ad4b51551979e895d288feb61864185,0.9334254609387594,,,
baseline,drop_recent,2017-12-31,2018-12-31,20260912,13,1343,1678,14,ee4d189dd7bcfc7a118ceff998a7b915beb15f3e8b997bcf488f10bc280733f2,0.9245850443129602,,,
baseline,drop_recent,2017-12-31,2018-12-31,20260912,14,1343,1678,14,d5db9307de786e881b002f34a76ed7813688e84e811dbfe84048760c236315d2,0.8615509267359155,,,
baseline,drop_recent,2017-12-31,2018-12-31,20260912,15,1343,1678,14,5f8608b2a3b31a8d3267ae386b8a8e9e4f270f2ba484446ba5de36b70cf6863a,0.8274114840221064,,,
baseline,drop_recent,2017-12-31,2018-12-31,20260912,16,1343,1678,14,e1f731e7c5fced6f35e10cfbd79ba67cc86f3981e975a7505f0c85ddf59059a5,0.770114721288556,,,
baseline,drop_recent,2017-12-31,2018-12-31,20260912,17,1343,1678,14,e097d3321ab05ee75efb2c62556a03baba5a5a20a4a1a0173eae93e6f1a6d9b2,0.7348049038641501,,,
baseline,drop_recent,2017-12-31,2018-12-31,20260912,18,1343,1678,14,4680ad778439444e38ce23a42b1a87bee35648e468aa0be1f14421e9cf610303,0.7241031816662139,,,
baseline,drop_recent,2017-12-31,2018-12-31,20260912,19,1343,1678,14,a0e3844e6f0b1440087c3214d6a0080ed72a9321c26ce239c06b72cac5e1135b,0.6835349533924471,,,
baseline,drop_recent,2017-12-31,2018-12-31,20260912,20,1343,1678,14,32268d9e21b4eb8ecb7af7788c88441aa24bc163cf5076cee348616fa5479ef5,0.66136477445391,0.5009675682789341,0.9161542464971365,0.0010832368777397138
baseline,drop_early,2018-12-31,2019-12-31,20260910,1,1536,1921,16,7adae386cac0082421b9d4ebda2829d102c8e8b4889f81eda0e8f430b0a3fcbf,1.0971097802197418,,,
baseline,drop_early,2018-12-31,2019-12-31,20260910,2,1536,1921,16,7653c31ba3d6e14bf87d9d565579735225be0fc22458ab333f41c778f9580a9e,1.1296534019133064,,,
baseline,drop_early,2018-12-31,2019-12-31,20260910,3,1536,1921,16,e5a463d0cc7ab643920bfb2e27c928d5bb3f3a837b5c9a408182bc69e5f91c62,1.089790672668872,,,
baseline,drop_early,2018-12-31,2019-12-31,20260910,4,1536,1921,16,3ba5fa2faebca154c68a97b21a5c34d2ff0116e0c5e905b46805d883c9145918,1.1207278893057224,,,
baseline,drop_early,2018-12-31,2019-12-31,20260910,5,1536,1921,16,47fe2b7c51c9c54c91364cd7ac5d4ea6928a9bdba91bb7520736e549291cb23e,1.1027317081405,,,
baseline,drop_early,2018-12-31,2019-12-31,20260910,6,1536,1921,16,e41bab55ed83272ceb767274ab084ff025682d1b5e3d19b05c5d2bc7c8917ee6,1.0870744681867195,,,
baseline,drop_early,2018-12-31,2019-12-31,20260910,7,1536,1921,16,13a1099f21c695fbe967ee34e2403699e7b8d6b9bcb91ddf45be1570471d90bc,1.0837890654414473,,,
baseline,drop_early,2018-12-31,2019-12-31,20260910,8,1536,1921,16,62bdc0e8b819b40afa4f43bb03c86d86c6d5a28add1a2eb0d192cb80226db807,1.0629486870107894,,,
baseline,drop_early,2018-12-31,2019-12-31,20260910,9,1536,1921,16,7551a6829e620e8e2cde2a00d386b16243fa2eb8c56f385bb72a19e20f0ff36a,1.1045480476094063,,,
baseline,drop_early,2018-12-31,2019-12-31,20260910,10,1536,1921,16,cb394fed41f2631056b8daa46d67c89eb09fdfb9ab60bf3720e9df25b1ef6324,1.0426710395376115,0.9157743031779925,1.0733616600433986,0.0007507438053579178
baseline,drop_early,2018-12-31,2019-12-31,20260910,11,1536,1921,16,c58cda096b1abe72a81587f5056e32ad4ed4d0892a447eeb9af2dcdd09443edc,0.9873140999646872,,,
baseline,drop_early,2018-12-31,2019-12-31,20260910,12,1536,1921,16,c6c34b0cea1c181d2606fec0a706fa42be82049f83628f86dcd74a5207a701d5,0.9842627386541679,,,
baseline,drop_early,2018-12-31,2019-12-31,20260910,13,1536,1921,16,191dec9b618ac56692fabb8cdf5d7c273c6679e44500b15030cf124b16111aac,0.9464798929913475,,,
baseline,drop_early,2018-12-31,2019-12-31,20260910,14,1536,1921,16,37710b2ac24187d88e9c5101daff1a876ff84adc38be707a7be917158ed818d8,0.8919603731686842,,,
baseline,drop_early,2018-12-31,2019-12-31,20260910,15,1536,1921,16,5b5d2eef59eaf879c1b977e554c860a1bba1df99e0ad991dc4f98c6a5b47dd3c,0.8946115533505673,,,
baseline,drop_early,2018-12-31,2019-12-31,20260910,16,1536,1921,16,472beeecb2ddbabcab6d9fbe24e6f31562c632bc0bd85d419eb41cbd3973034d,0.8545071435806219,,,
baseline,drop_early,2018-12-31,2019-12-31,20260910,17,1536,1921,16,c773acacefd595fd81438dcda22381742f7bc7be5f2341cf99ee23a4c64b8aae,0.8150963801619118,,,
baseline,drop_early,2018-12-31,2019-12-31,20260910,18,1536,1921,16,4b66bf6185376ee4d4d104d84339dbadc4aebdad832cb8adc8f89ed0c706d6b9,0.788296012569535,,,
baseline,drop_early,2018-12-31,2019-12-31,20260910,19,1536,1921,16,1eb9d5c630299121d14adcf906f7e9e22fcf0a0d1cf4a38d5c1ba133becc14b0,0.7507381828299169,,,
baseline,drop_early,2018-12-31,2019-12-31,20260910,20,1536,1921,16,06b135be4a567d41f7c6c846b1ab8f3d70c13311b00aeb0781d2aa4963fb9ddb,0.7277259522431347,0.5287978053092957,1.0075952932238579,0.0010627072388230852
baseline,drop_early,2018-12-31,2019-12-31,20260911,1,1536,1921,16,2125098e6513f150543ea80e20bb54f95b1010e2e2ebbc16bc18168ac368e1c6,1.1167142864070418,,,
baseline,drop_early,2018-12-31,2019-12-31,20260911,2,1536,1921,16,f2261ccb5494e293a36982a4550e3eff6463fc8820e49f356374ca1786729ae0,1.0902059139341567,,,
baseline,drop_early,2018-12-31,2019-12-31,20260911,3,1536,1921,16,ad0e62f54d7417ae6a0a19bc884a1705d0648d5efeee4c495c556d1fc2aa8310,1.1033324258269153,,,
baseline,drop_early,2018-12-31,2019-12-31,20260911,4,1536,1921,16,e78d0ab8a2580a516d6ac2af7b94d1a4cb77f9d0018ae698a5fcf6789312c200,1.1118585406756538,,,
baseline,drop_early,2018-12-31,2019-12-31,20260911,5,1536,1921,16,d357acfdace19709dab5e97177a8a7ea368b3dc1f789b68ae5d6688fe8d48baa,1.0770748272840707,,,
baseline,drop_early,2018-12-31,2019-12-31,20260911,6,1536,1921,16,2cef2c955ec3a85e92b5bb053fa45bc518ed99d95598bc27c4cc21aa0b543346,1.1082158519351688,,,
baseline,drop_early,2018-12-31,2019-12-31,20260911,7,1536,1921,16,9e5f331d22ba2185af13b6482c71ab704c85d025d7bd076c448209a0a7b583b2,1.0881205917486823,,,
baseline,drop_early,2018-12-31,2019-12-31,20260911,8,1536,1921,16,e4abdf5bcd2c0bb0f50f3b752ab6ed61927575f2c429218587b48b6023876865,1.0617117370124411,,,
baseline,drop_early,2018-12-31,2019-12-31,20260911,9,1536,1921,16,ea9a8b0fe00b4d2187b2e385cbc76aeb97a9cd890a7b6992db285f0d370d150d,1.0348805009752498,,,
baseline,drop_early,2018-12-31,2019-12-31,20260911,10,1536,1921,16,745ae114460ecd3c507e6680f25060c309f45cb7c4006d73f1fd26ff9fd3f439,1.0205925904730222,0.910425474246343,1.106679340203603,0.0007591538594423811
baseline,drop_early,2018-12-31,2019-12-31,20260911,11,1536,1921,16,5620474cbc009c71d440db25a03e1eb5a2062fc9f68acacf858c89a77fa51e97,1.0001878927983945,,,
baseline,drop_early,2018-12-31,2019-12-31,20260911,12,1536,1921,16,bfb780568dc04c9733cef253ce4cc6a44a9d89cccdde6406ed978bc03b3e646a,0.9470862884623256,,,
baseline,drop_early,2018-12-31,2019-12-31,20260911,13,1536,1921,16,872bc491c81e08abe7f4ba621998a22259acf965bcdd774b56d4c6c75feccafc,0.904807778361376,,,
baseline,drop_early,2018-12-31,2019-12-31,20260911,14,1536,1921,16,72fa76122869fc22033e08d09f8c9ac4a4e1359da7dc06ed03e13043c5c19c85,0.854879701373355,,,
baseline,drop_early,2018-12-31,2019-12-31,20260911,15,1536,1921,16,e16885f1b3ed151e6c9fc2e85cbceebb96ab1d276b2a1336f097d1be5c359add,0.8528990275316224,,,
baseline,drop_early,2018-12-31,2019-12-31,20260911,16,1536,1921,16,de6270cc772f7e890dfd2a8c8b46c11996282aff77ce940d9ad99cdc7a095633,0.7981906732750833,,,
baseline,drop_early,2018-12-31,2019-12-31,20260911,17,1536,1921,16,2a120b188ccf465acab626f117b5749c75ea33f977fe0dfe6883d7fb10cd1b22,0.7907186998078626,,,
baseline,drop_early,2018-12-31,2019-12-31,20260911,18,1536,1921,16,f5f65b10bafc2984f555729edf379e4f00f038a6969f3b3fc7e09a8b47f33125,0.777855946830261,,,
baseline,drop_early,2018-12-31,2019-12-31,20260911,19,1536,1921,16,de39ccb3b7a70848ef627867d233b482932bb756d628dd9b1a4e51aa9712a915,0.7559006908081398,,,
baseline,drop_early,2018-12-31,2019-12-31,20260911,20,1536,1921,16,fc3ae038989309580e6b8954027cd7e29a3b9c53710f4f71ae16eb2d5a7911a5,0.7147492309649247,0.5699073486030102,0.9767956087986628,0.0009387661575242845
baseline,drop_early,2018-12-31,2019-12-31,20260912,1,1536,1921,16,143711556ac0b5e0e7c272ad50dece756dd3a5850c123bed4bc80ae00c5f5d46,1.1174625567820375,,,
baseline,drop_early,2018-12-31,2019-12-31,20260912,2,1536,1921,16,e845f1193b5b1882c9b41231f57eef205508f8b1c1d8cca62848df8e75ff9f7c,1.0863843369707349,,,
baseline,drop_early,2018-12-31,2019-12-31,20260912,3,1536,1921,16,e7350eb7feab9502a8112d2ef38cc57a52cf82959f736d67af7c8591cd1af42d,1.1309064240551194,,,
baseline,drop_early,2018-12-31,2019-12-31,20260912,4,1536,1921,16,7f629bf7f8e31d6258b7476897a0e4f6919c8a3ffaa4aae039d21aea9e5446c2,1.1148628963507567,,,
baseline,drop_early,2018-12-31,2019-12-31,20260912,5,1536,1921,16,56fe5605c6786388087872e274e46383f14da7a58c9763a6f79a9159c0e533f0,1.0734030324180321,,,
baseline,drop_early,2018-12-31,2019-12-31,20260912,6,1536,1921,16,c32543ebb59be4c6d3c2ec054b36a7d6a7593ffaaeda228642c09d3c052bc647,1.0820501447965054,,,
baseline,drop_early,2018-12-31,2019-12-31,20260912,7,1536,1921,16,379f92da7817cdd192ba8ea99d564c59b9cbe36317b301dfbfb98da7dc8cc942,1.0512376297953723,,,
baseline,drop_early,2018-12-31,2019-12-31,20260912,8,1536,1921,16,428dfe14506cb807cadd4f94f3d4ff787d30f34f3fcbb9ad6035889002fbab53,1.0414638196596684,,,
baseline,drop_early,2018-12-31,2019-12-31,20260912,9,1536,1921,16,9087448a46d55d8f53f415010bcc50f881a698924ce3a9cb1b8f0f443b527f02,1.024577584173889,,,
baseline,drop_early,2018-12-31,2019-12-31,20260912,10,1536,1921,16,db1998c3b8eb258c4cf14850d258b30dca45a91afa974e6cc0089bae3e71206b,0.9908945212632279,0.8373725712299347,1.1079564988613129,0.0008863483167491684
baseline,drop_early,2018-12-31,2019-12-31,20260912,11,1536,1921,16,8a179687343e90411ee495c3064edefff15c79695abd9d90c68442aa7ec47c2f,0.9393971417174868,,,
baseline,drop_early,2018-12-31,2019-12-31,20260912,12,1536,1921,16,6559fa83ff3a4f536ef8a87a21aed0ccb9a1403289b241a77cacdab941e28045,0.8971338477809873,,,
baseline,drop_early,2018-12-31,2019-12-31,20260912,13,1536,1921,16,379cf0271fe3cdaaf79a425ab01421743307e8a24a84392d1e857f72272d2272,0.8550758065189439,,,
baseline,drop_early,2018-12-31,2019-12-31,20260912,14,1536,1921,16,eb5994d69a4acd004775f823d7ef53b179820975e298d0b861ed316f29370e08,0.8554902615365977,,,
baseline,drop_early,2018-12-31,2019-12-31,20260912,15,1536,1921,16,6b7d8951f0d80f1148467f7d8f2e4f3fd589b25dd19ace37a2700d5d85122fc8,0.8402813509502242,,,
baseline,drop_early,2018-12-31,2019-12-31,20260912,16,1536,1921,16,d5108e66a273988c9b4d2423e8696193681e8a473383f450e1820b5b00effa50,0.7857508450855134,,,
baseline,drop_early,2018-12-31,2019-12-31,20260912,17,1536,1921,16,9ad594bf73233dc07da988c1c27ef4a1e62ddbb686d1d3e8a81b8b6eaa07f319,0.8291415162908107,,,
baseline,drop_early,2018-12-31,2019-12-31,20260912,18,1536,1921,16,6c9871f21d7da440774c27d7e86df2fe812710124dd51acd3556df35fd779bd5,0.7499417855303961,,,
baseline,drop_early,2018-12-31,2019-12-31,20260912,19,1536,1921,16,f81524637bd612a0a19e1df35d0bee825c651d931955c3a23ecb0bee17c06cbb,0.7083790057776559,,,
baseline,drop_early,2018-12-31,2019-12-31,20260912,20,1536,1921,16,d2a970524b15efdd987a770f403c2796ac97036785c6f0998329890b4eda781e,0.7119377763366898,0.5000335549314817,1.0238168314099312,0.0010803933285431582
baseline,drop_middle,2018-12-31,2019-12-31,20260910,1,1537,1921,16,912cf18d02c719574b3f70296ebe92c2c4c5f7d10137bcf41f6c6a3dc3e766df,1.0981514126853604,,,
baseline,drop_middle,2018-12-31,2019-12-31,20260910,2,1537,1921,16,a33717e5ef86fee898ce547b6969cfa5bc61e9f3d35b5aaf8132a8507bab11bf,1.0999789617757882,,,
baseline,drop_middle,2018-12-31,2019-12-31,20260910,3,1537,1921,16,4b7f7ff16af5e8f460c02f88a81eb702c7539b7ae5f16028bcc1a23f1ab20db6,1.0879262177538338,,,
baseline,drop_middle,2018-12-31,2019-12-31,20260910,4,1537,1921,16,151ec3d9f5135fae2814c874304a9780691523f91b3a6e758146184a8476946e,1.0974785612235771,,,
baseline,drop_middle,2018-12-31,2019-12-31,20260910,5,1537,1921,16,75a1e77a3f1046617b2daa0e44cb2fe83e09300fde157cc7d79bf9947ad6cc1f,1.0994708905542412,,,
baseline,drop_middle,2018-12-31,2019-12-31,20260910,6,1537,1921,16,369bd066cdb6b22525be534abe73b0011ca40ca5488c7e2aabb9078c2e149dea,1.0682659219913593,,,
baseline,drop_middle,2018-12-31,2019-12-31,20260910,7,1537,1921,16,f6795d983617726480cb5191442bd1a373d238153acaed853a241c3d2add3f9e,1.0788033376721775,,,
baseline,drop_middle,2018-12-31,2019-12-31,20260910,8,1537,1921,16,efa195b6f087ec45c4215ef3321bc95bc319d6eb7b57df6f35cc717ceeb180ce,1.0175055720296022,,,
baseline,drop_middle,2018-12-31,2019-12-31,20260910,9,1537,1921,16,5aa1b7fcc16f7d2e461e603044bfe6e4236bfea71107bd88fdcb24ed6dcd1d64,1.013103099678532,,,
baseline,drop_middle,2018-12-31,2019-12-31,20260910,10,1537,1921,16,12785efedb4f314af075ae8d5148f6d73aa8ec703402eafa16f501ba20936a6e,0.9900724857750812,0.8623228243751501,1.053131316223157,0.0007571654788791325
baseline,drop_middle,2018-12-31,2019-12-31,20260910,11,1537,1921,16,8b612e6793da23c5eea1650fcd1481d3132919975f052e5a6e3ccf8f2360256b,0.9418946191908977,,,
baseline,drop_middle,2018-12-31,2019-12-31,20260910,12,1537,1921,16,752b83d20dfc0784380d379910adda97d3978da65e93d60f34cefe1ba435ba8d,0.9005808138493633,,,
baseline,drop_middle,2018-12-31,2019-12-31,20260910,13,1537,1921,16,878bc976107d3634fe68658fb1f2c5dca2a7ce717db706b208474fcdd3c3d53f,0.864151556329886,,,
baseline,drop_middle,2018-12-31,2019-12-31,20260910,14,1537,1921,16,7f4d9fd1a79a6f5d765b57715b736cd167669881a71b833a9fb5f2a46b7f9e6b,0.8304572162499098,,,
baseline,drop_middle,2018-12-31,2019-12-31,20260910,15,1537,1921,16,d64502f2e09ae47af58e5ea70073db8b32ecc637f403c51238c2d9ffe2314f44,0.7629378602754194,,,
baseline,drop_middle,2018-12-31,2019-12-31,20260910,16,1537,1921,16,f95c02190e0b2fe7b4110b417eec02bc7c7ff9e701cd161a573055326939172d,0.7425576805261694,,,
baseline,drop_middle,2018-12-31,2019-12-31,20260910,17,1537,1921,16,08f62aa81b3d3ce6a785bccfa85e8a2d3d143421d64857a6a4c251a8d082a9ab,0.6823898215643879,,,
baseline,drop_middle,2018-12-31,2019-12-31,20260910,18,1537,1921,16,7abad04c17c6abae43912b19debc53b0df79830b816ffc062ce7e198ed43966b,0.6500545689474475,,,
baseline,drop_middle,2018-12-31,2019-12-31,20260910,19,1537,1921,16,6461caa81aba9b0cb63f25ba907294037420fa8a82df7a5a6d75b9fd25d857f1,0.6144035291944798,,,
baseline,drop_middle,2018-12-31,2019-12-31,20260910,20,1537,1921,16,a93bae16e1d119c5981c1055e3a764482d2daf6526ccb30ac3b45470bcc4ba35,0.5683041151335685,0.3569141701542486,0.9136795936735249,0.0008735425595595991
baseline,drop_middle,2018-12-31,2019-12-31,20260911,1,1537,1921,16,ccbf72bce72a520e3631e7643136683318f668d23b8693541a4eee40d1ca79ae,1.1110775845007994,,,
baseline,drop_middle,2018-12-31,2019-12-31,20260911,2,1537,1921,16,65a2a4fb76586f342923d9057954fc84863574cb4bf130399a3d4ed0f50d3e81,1.1040549891933464,,,
baseline,drop_middle,2018-12-31,2019-12-31,20260911,3,1537,1921,16,b9bb14f75be8f3ddcfac6fcf2ded4170c475e3060298649a2ef3021922e9b5d6,1.1270191354685808,,,
baseline,drop_middle,2018-12-31,2019-12-31,20260911,4,1537,1921,16,80c0385de6d12270e3f26c6c159fb0c1e4994b077e68a8780096a4f8a29a3902,1.0983834150773295,,,
baseline,drop_middle,2018-12-31,2019-12-31,20260911,5,1537,1921,16,3791ff214824f3cd2bf4701940c1651070d0bc2b1a296f4ce1c3e691ff900b2e,1.1146747355719273,,,
baseline,drop_middle,2018-12-31,2019-12-31,20260911,6,1537,1921,16,d45ba9e5ba203f4e61a63ca3e09f588f2417811d8f40b5b8b4da6c421cc3fa33,1.1122119033797404,,,
baseline,drop_middle,2018-12-31,2019-12-31,20260911,7,1537,1921,16,eae679d02784beab0248891d08d1f273453e7e9d77f4ee9959e39951550de3f5,1.1023237741223106,,,
baseline,drop_middle,2018-12-31,2019-12-31,20260911,8,1537,1921,16,968ec27bae9119c71d67efb4b067d9bc9f3c22195063a64839e420e4965371ca,1.077345161838869,,,
baseline,drop_middle,2018-12-31,2019-12-31,20260911,9,1537,1921,16,7909b5672e29d47dba35436d5e2cd27df8aefe5a0eeda7b629e46748b0864790,1.0396515094228613,,,
baseline,drop_middle,2018-12-31,2019-12-31,20260911,10,1537,1921,16,916f996f78fa2484f1840560d24852277ab2c86bf56ad992f90381004dfad034,0.9836403930841915,0.8540107051738299,1.1403532834431531,0.0006959181263961234
baseline,drop_middle,2018-12-31,2019-12-31,20260911,11,1537,1921,16,ac04d02afbcc8ecc4c71dfc589040dca700e70a6442e4953fa0c345e012f8daa,0.9572876895361428,,,
baseline,drop_middle,2018-12-31,2019-12-31,20260911,12,1537,1921,16,8de912a511009470a87b3d9f5a205a9bcfff913d7ed50105d0b1c587dd859ca7,0.9060947896834155,,,
baseline,drop_middle,2018-12-31,2019-12-31,20260911,13,1537,1921,16,a931b244cfb5c17d61b45f6af4c6b6394c93a06a12e73d55070e95a175dbf178,0.8669130672457813,,,
baseline,drop_middle,2018-12-31,2019-12-31,20260911,14,1537,1921,16,9eb73e8c96b22d5b39ecbec893fb84a43b9bc2d9cb8f1bbda18d77e4b1a19f9b,0.8369376454919282,,,
baseline,drop_middle,2018-12-31,2019-12-31,20260911,15,1537,1921,16,984593bf3d75fd8a75e636418061670c3d75be3eaadb2e4663c1d49d6b54bb1b,0.8344820643824131,,,
baseline,drop_middle,2018-12-31,2019-12-31,20260911,16,1537,1921,16,4c46303268822d5cae6dcd42f29ed5f7dd3577e6158a990329f7753bfa84ab02,0.7622475455292558,,,
baseline,drop_middle,2018-12-31,2019-12-31,20260911,17,1537,1921,16,016fc4453aa5d563eb5f43fc4a453b1718922b32db569060392e4baee4f02cfb,0.7147420603803271,,,
baseline,drop_middle,2018-12-31,2019-12-31,20260911,18,1537,1921,16,7575d63ee6a39986af743dff297ff870910f6b11532bbbbe082065fac7b8d6dc,0.6738000303305169,,,
baseline,drop_middle,2018-12-31,2019-12-31,20260911,19,1537,1921,16,b0ab46ae64de83ab5353f550cee6000db580eaee221958a56325a8065277d1d4,0.6729379771650613,,,
baseline,drop_middle,2018-12-31,2019-12-31,20260911,20,1537,1921,16,10efcdb9b7caf98c2e8b5dcfefc140e2582136bb2df05c938d11dd983e85a24d,0.6295078258024783,0.4170320062724196,0.9165079651828237,0.0011386827795737354
baseline,drop_middle,2018-12-31,2019-12-31,20260912,1,1537,1921,16,0365c87b2690aab28795e4aa615501ff0e9d13b660d58fd6e2cb7e627f3db6fc,1.1223090141778933,,,
baseline,drop_middle,2018-12-31,2019-12-31,20260912,2,1537,1921,16,c5db26f1e0ed0dfadfd7f602ce0525e15034a0115baff3516bbf6dcb3d4aab6f,1.1362697775555675,,,
baseline,drop_middle,2018-12-31,2019-12-31,20260912,3,1537,1921,16,5fc95e0f0177ff630e1f90c466bb44047d84ebc09cb9264cfc572469f6048f5a,1.117552392111043,,,
baseline,drop_middle,2018-12-31,2019-12-31,20260912,4,1537,1921,16,de5d13dd4b82126ab716576c82267aeb824195b2d6141cf2b4dca427cd7a8651,1.0839995413258448,,,
baseline,drop_middle,2018-12-31,2019-12-31,20260912,5,1537,1921,16,7cc81e66bc1088e0ddb37195e3734452c3063196f3c799f7a1702161a2a35ed7,1.1001259061987358,,,
baseline,drop_middle,2018-12-31,2019-12-31,20260912,6,1537,1921,16,82d491af668a266ee162fd252e8a904edd64bd80fea2b181fc054514076cf4ba,1.1303197296412892,,,
baseline,drop_middle,2018-12-31,2019-12-31,20260912,7,1537,1921,16,fdfc27c9d5a74835c06066cc94e10adec21b0351fbe50fe6f210b40e64cdcad7,1.104126903428689,,,
baseline,drop_middle,2018-12-31,2019-12-31,20260912,8,1537,1921,16,1e53910598a12e76c7cda5c4808597e64d1e187bf07dcc957466a1686888bb2a,1.0199488479913614,,,
baseline,drop_middle,2018-12-31,2019-12-31,20260912,9,1537,1921,16,b35d16991df7f807d57500c9b4b6a455dfcb27067c9ab77924b26aa37e5d1312,1.0286589942209303,,,
baseline,drop_middle,2018-12-31,2019-12-31,20260912,10,1537,1921,16,c8084e6607390be34790d32054d43d080109497c44bda4cb5c909e168010e417,0.9689894002076396,0.8367281323062498,1.1017174602097788,0.0007530210139427042
baseline,drop_middle,2018-12-31,2019-12-31,20260912,11,1537,1921,16,95e3310a58b6cb6078785db4e03e819d9b39811ccb8da359dea023612e6c3e76,0.9529672720232462,,,
baseline,drop_middle,2018-12-31,2019-12-31,20260912,12,1537,1921,16,26c88f6a9d39dd8c552a96cded5110fa5f85b8a594ee0ace00603b135d614491,0.9081533514913452,,,
baseline,drop_middle,2018-12-31,2019-12-31,20260912,13,1537,1921,16,5db281b0c242f0a84464d0c07fc569e208678172c68716a2d247002760f045d8,0.9086921660928662,,,
baseline,drop_middle,2018-12-31,2019-12-31,20260912,14,1537,1921,16,ec335a3784e917d012f823574ba54176f15a0363d1c2dc0890274bbbe236d655,0.8379991290036867,,,
baseline,drop_middle,2018-12-31,2019-12-31,20260912,15,1537,1921,16,e32da6a3e90bb3aaf50fbe6e4bc4275be531260307cec5fcefe6c5a35da662ac,0.8230763081148973,,,
baseline,drop_middle,2018-12-31,2019-12-31,20260912,16,1537,1921,16,9016068c06933c0edfe3ed615bee43b91d433a6a6882678e0026db3d62937b0a,0.7647582702745938,,,
baseline,drop_middle,2018-12-31,2019-12-31,20260912,17,1537,1921,16,a1329aa9a0bfceef9b8e01a699b66edc5b878ca203090d5d98dba16a2d72e3cb,0.7517199160716361,,,
baseline,drop_middle,2018-12-31,2019-12-31,20260912,18,1537,1921,16,8e5a95f157accd40019fb7513219d42b2e2393b9e0fa0eae1fc74952184bc162,0.727238687979933,,,
baseline,drop_middle,2018-12-31,2019-12-31,20260912,19,1537,1921,16,8b3b956438f6a32ce3fb4f90dc4aed79243aa25ee916115182cf6456bf592397,0.7132653718439009,,,
baseline,drop_middle,2018-12-31,2019-12-31,20260912,20,1537,1921,16,59cc5f6b8ec341121ea4195793dcdc8f03b9f82f8d578da93b89cc247c1315d8,0.716941098847903,0.5414524345368477,0.9553820947469949,0.0009350004585851973
baseline,drop_recent,2018-12-31,2019-12-31,20260910,1,1537,1921,16,8fb183dc0483ea0f44af657550e0ec085f04e964fddcf54cedff067613530d85,1.126469145940577,,,
baseline,drop_recent,2018-12-31,2019-12-31,20260910,2,1537,1921,16,3663638fa2f6992dba17f7e9a7aa840b179ab9e83ccafff0a9fd83d2e16f8cfd,1.0990812259143,,,
baseline,drop_recent,2018-12-31,2019-12-31,20260910,3,1537,1921,16,6fa0f606fdaefd3914887b52a074f89af7b0d3aba87e350444b9177f2391bfbf,1.0782840735337686,,,
baseline,drop_recent,2018-12-31,2019-12-31,20260910,4,1537,1921,16,c35914ae1ab7b3621e5a2f64f16b7567ccd46ef28e00db54c2a01b4e941cfaf2,1.0945407624401535,,,
baseline,drop_recent,2018-12-31,2019-12-31,20260910,5,1537,1921,16,ababd8e1f0fda78ecc1a340aa409c1e86f6b4bb6ec6764244e9be9ca640b9f5f,1.1065320247054131,,,
baseline,drop_recent,2018-12-31,2019-12-31,20260910,6,1537,1921,16,28e75fcfe8ef475bb000a8ba7a490955416cb5716f47dc68784e194e63565378,1.07335272769578,,,
baseline,drop_recent,2018-12-31,2019-12-31,20260910,7,1537,1921,16,a334053f5398e6351c82f7c6e84b51bc5f54c71956ce943578abb3e3545572a9,1.0790070457299634,,,
baseline,drop_recent,2018-12-31,2019-12-31,20260910,8,1537,1921,16,4ee074e45e7f59ffe07266770f81153a07c29e84d94e06b374881bd060339208,1.094657653076831,,,
baseline,drop_recent,2018-12-31,2019-12-31,20260910,9,1537,1921,16,f6b20e865b025c4e7243493c5dbc8c2d317bdcd3151ea9ced3da95eee215bc97,1.0633832350303456,,,
baseline,drop_recent,2018-12-31,2019-12-31,20260910,10,1537,1921,16,759bc903df1d607a88460cc30925e1d043d3dc29c048a5d3b1d58247d926636a,1.0605301846445134,0.9552293883838976,1.0485619937318753,0.0008459148197256748
baseline,drop_recent,2018-12-31,2019-12-31,20260910,11,1537,1921,16,defb999263220425c2d6fc960e68bfad215e314155657324d440e41ca22d1071,1.0794853098624575,,,
baseline,drop_recent,2018-12-31,2019-12-31,20260910,12,1537,1921,16,108757b1b27287edcf1fa63c995fc99f807aa3e649ae752f091b5fa6fb6a98d9,1.0097924345839557,,,
baseline,drop_recent,2018-12-31,2019-12-31,20260910,13,1537,1921,16,4887245b64c086c559fae0e8f468e6c5785ec214f77dd345000ed74d39c53f85,0.9597523120376885,,,
baseline,drop_recent,2018-12-31,2019-12-31,20260910,14,1537,1921,16,bdd0b1de33e35481a26df2d29b53bb074f4517148de415c43794448035777beb,0.9240931417096846,,,
baseline,drop_recent,2018-12-31,2019-12-31,20260910,15,1537,1921,16,35a4fe7810b0c44db0c60d9d1759c41270888b8e37d599727eebe5c25157f540,0.8569130295812929,,,
baseline,drop_recent,2018-12-31,2019-12-31,20260910,16,1537,1921,16,9dbb8a540fc14a6ded5c085f9453a36a3d79c9bd3239a7150d57cfc6605f01da,0.8133704658599648,,,
baseline,drop_recent,2018-12-31,2019-12-31,20260910,17,1537,1921,16,a94990cf1c4e64d0af2c36f9117a91da58880d574860a1400f67aa24d0c27089,0.7813960957471311,,,
baseline,drop_recent,2018-12-31,2019-12-31,20260910,18,1537,1921,16,b03718287dbf3421f05b3c233df119b56df0b890174ee734ec6880f023d68db7,0.7577911010346551,,,
baseline,drop_recent,2018-12-31,2019-12-31,20260910,19,1537,1921,16,ba283faf86bbd9c44fb37c0c697bad2283e033f8d4d3b078eaf55a99a3a982e4,0.7532621865965066,,,
baseline,drop_recent,2018-12-31,2019-12-31,20260910,20,1537,1921,16,e9822e37cbceda1c19ae22c4a457bd1d86fc07e7320caa208b8c19a7421e40f9,0.7149182138174291,0.5886049504860237,1.0375115943366084,0.0013588965585420668
baseline,drop_recent,2018-12-31,2019-12-31,20260911,1,1537,1921,16,4f1467db94218101b2976bb76be27354d242c77b069c357baeb0294ca1657365,1.1054060716629959,,,
baseline,drop_recent,2018-12-31,2019-12-31,20260911,2,1537,1921,16,4417dff3a89a9e51935358d2cb9034e82f4551f3623abd10620528a8716d6825,1.1381782134224014,,,
baseline,drop_recent,2018-12-31,2019-12-31,20260911,3,1537,1921,16,7e9b1e59337d639f6ca8ff6878493b9466a352552ec62c25b149afecefe669dd,1.1257208572552266,,,
baseline,drop_recent,2018-12-31,2019-12-31,20260911,4,1537,1921,16,bde572633bcbb3567146a42dffa8a8632914109132ee38a33d302ef5c3dc4535,1.10314549383926,,,
baseline,drop_recent,2018-12-31,2019-12-31,20260911,5,1537,1921,16,c65edd6705e45d0703f5a33e0ab4deb19e2333ec5b267cc7d22298827ac80b91,1.104372119388501,,,
baseline,drop_recent,2018-12-31,2019-12-31,20260911,6,1537,1921,16,79cced41b0bead354e18fa9a5f3d0d2faa9bf89c06deb06a2923e82679c2ebcc,1.0910204372047323,,,
baseline,drop_recent,2018-12-31,2019-12-31,20260911,7,1537,1921,16,c9b46c77f1ed7343fae4a4709a220a804bd61f717901ef796f1041985f15d884,1.0695384477324812,,,
baseline,drop_recent,2018-12-31,2019-12-31,20260911,8,1537,1921,16,7c42e9277a26e9c50a78fae9e470fa09791fdea0103ab3fdfdc712e124e71b2b,1.051019044545465,,,
baseline,drop_recent,2018-12-31,2019-12-31,20260911,9,1537,1921,16,a2934df1e94c02d6c9cf83f6ec0b1400dc8b8375b4022ee03e190e39baed1f88,1.0191669561849293,,,
baseline,drop_recent,2018-12-31,2019-12-31,20260911,10,1537,1921,16,2d818f4b19f1ff4fc5d79d460feca5fef7d32948903087352f4c09949fd3bb9b,0.9621882501956636,0.7736237705228475,1.1675282014447834,0.0008185034010227081
baseline,drop_recent,2018-12-31,2019-12-31,20260911,11,1537,1921,16,d205426c0282181269362100133f734818165b9a86ddf5bbf3d323ecb71174bb,0.9186483395093434,,,
baseline,drop_recent,2018-12-31,2019-12-31,20260911,12,1537,1921,16,5b3905e4a4701de2fee8eaf4c60b9beddc55d1c9e678f8e650d360065601be8b,0.8658039743572334,,,
baseline,drop_recent,2018-12-31,2019-12-31,20260911,13,1537,1921,16,47d5ca962cf873234e6227cecf05fa8e98c0379e51ce4c39de18379e48c560ac,0.7894682236973783,,,
baseline,drop_recent,2018-12-31,2019-12-31,20260911,14,1537,1921,16,762bebd9246565bf79507d001e642974de61439aaf20796f65334ec35805b726,0.7954908521891509,,,
baseline,drop_recent,2018-12-31,2019-12-31,20260911,15,1537,1921,16,c0060b066dc49d68f9d4595835eff42f0db0a5243cd20216dc84d85c9eddae7b,0.7322317446537902,,,
baseline,drop_recent,2018-12-31,2019-12-31,20260911,16,1537,1921,16,d80db88a8181548e020ab4f1033c92f6a151b23c0a029e58e4365c2bb07e2f96,0.7107312161744975,,,
baseline,drop_recent,2018-12-31,2019-12-31,20260911,17,1537,1921,16,727f020bbb21763844cdf4e7f90a13117021eb1a5ea1fbb0795ae6b4a1966093,0.644447778302639,,,
baseline,drop_recent,2018-12-31,2019-12-31,20260911,18,1537,1921,16,4a585f6dd3043a25e343e352b952f930f09d221d7e4d26c8e03403949f22cfce,0.644229404725239,,,
baseline,drop_recent,2018-12-31,2019-12-31,20260911,19,1537,1921,16,dd6db61ffee542acc0ef2a6f9c8d7c549ab01ecd6528ee0adf82c2c080dc7399,0.6125492002118819,,,
baseline,drop_recent,2018-12-31,2019-12-31,20260911,20,1537,1921,16,f153d07907e0bd5739a11d4795e8a613da7cd16f1249ffe1e789b2efd4e78db6,0.594546205360774,0.410424117381862,0.9411766016316554,0.0010650664436094952
baseline,drop_recent,2018-12-31,2019-12-31,20260912,1,1537,1921,16,fd8a1c3c9d9e6f33ece3356a3049b18f4878bd960b525cd9aa25abb4aeb6f534,1.1459836520483442,,,
baseline,drop_recent,2018-12-31,2019-12-31,20260912,2,1537,1921,16,514c4fad0e5425bbad40ce28c7e310b38a83cfd6074012b900b9fe377721a582,1.1243786448414037,,,
baseline,drop_recent,2018-12-31,2019-12-31,20260912,3,1537,1921,16,b0ba9d9fa8cd638283ebf41ef7f230c38caead0b0edc44bded0401f889751792,1.0812505992019878,,,
baseline,drop_recent,2018-12-31,2019-12-31,20260912,4,1537,1921,16,7f5b81cab3bb06d6e23f289b04c61328077693cbb3961ccfe576fe2f3fa05923,1.078472494815303,,,
baseline,drop_recent,2018-12-31,2019-12-31,20260912,5,1537,1921,16,b905f7b5e8a1702267d97ef9801a6bbe2ab9856e37218170813ba125461651c0,1.1096749239945896,,,
baseline,drop_recent,2018-12-31,2019-12-31,20260912,6,1537,1921,16,25488419505151a9c3456ed08dd64ff1a27af2b3c3d5ac5f28e5fa9bfdf294e9,1.119219076398417,,,
baseline,drop_recent,2018-12-31,2019-12-31,20260912,7,1537,1921,16,87bc64fb939c4edbc1a5f9697aee3bf2a202a83aaed2854ad64529ba07de9a59,1.1158823847832746,,,
baseline,drop_recent,2018-12-31,2019-12-31,20260912,8,1537,1921,16,c7791f72fd7d2be5749a42ec2b3e568e2a213c5fecd302825ad2ea0714c708b6,1.072922666562466,,,
baseline,drop_recent,2018-12-31,2019-12-31,20260912,9,1537,1921,16,b2cd56d520fd37c07eb4b5929027224ebbec43ad803d33326fc27f81f9ca79ff,1.1058685274436908,,,
baseline,drop_recent,2018-12-31,2019-12-31,20260912,10,1537,1921,16,118a76c63b798e67f7ff4de39187681f157631fcc3dee01fe4bcefa849d229df,1.0769564593942882,0.9210695109258011,1.0791803958281032,0.0007121621715070994
baseline,drop_recent,2018-12-31,2019-12-31,20260912,11,1537,1921,16,560dcb7a81d0906b6e6e9de10fac962e1e6c72fd605a7187a38ca50da6b669b1,1.013294471017648,,,
baseline,drop_recent,2018-12-31,2019-12-31,20260912,12,1537,1921,16,cb38e96c6c541ad784001d80c283953ad40ff15c84a50b47a267e0552e00dc4d,0.9875309839728349,,,
baseline,drop_recent,2018-12-31,2019-12-31,20260912,13,1537,1921,16,84236b92fd2e8a39f894f346676a9cca279a1d3615d319fe735fd804db2bc687,0.9314038311051305,,,
baseline,drop_recent,2018-12-31,2019-12-31,20260912,14,1537,1921,16,56e68b520b37e71ebdd5e392a0efa6b80225a646d89a1ea01fefaad3e92ce044,0.874926391304439,,,
baseline,drop_recent,2018-12-31,2019-12-31,20260912,15,1537,1921,16,066b21682d336eeb6aef24243963af8daf11a767c551eec4603d0476d0aa4b20,0.8504873077302225,,,
baseline,drop_recent,2018-12-31,2019-12-31,20260912,16,1537,1921,16,409ca5d0f5127065ff6b49e33130db9806d82ae1f991522633d3908b20dfa6f2,0.8447365767008808,,,
baseline,drop_recent,2018-12-31,2019-12-31,20260912,17,1537,1921,16,4a4cdc7811fb07aef8056ace862b5c2e8698f886ab4b6a01710028c28936a59b,0.8142707260371124,,,
baseline,drop_recent,2018-12-31,2019-12-31,20260912,18,1537,1921,16,a44bad0688c2fc46575ce3492863d9c8318f417fdf0c064de0a5f5631dd00e46,0.782040741125908,,,
baseline,drop_recent,2018-12-31,2019-12-31,20260912,19,1537,1921,16,d78456c54bf8d472a8e7ec544c3eb2b7ce35b24f43a76559c5bc9eb478cf4a9e,0.7289307580398806,,,
baseline,drop_recent,2018-12-31,2019-12-31,20260912,20,1537,1921,16,78c0eb65d03e07ad3540e50cb84aa4134d5ada1e250896a6e1a4d799cdcda52e,0.7386757579711127,0.5543157269886744,0.9570221498501944,0.0009037087457776086
baseline,drop_early,2019-12-31,2020-12-31,20260910,1,1732,2165,17,692e64dd65e73aa03e707a5c95845610fa9db17efa239babeb5035a91a64c382,1.1334271884680345,,,
baseline,drop_early,2019-12-31,2020-12-31,20260910,2,1732,2165,17,b9a0cd69367a5d72b9b14cc502a2342cc47646d9e3d24d111129f0d6bf8abf49,1.0926936530075777,,,
baseline,drop_early,2019-12-31,2020-12-31,20260910,3,1732,2165,17,06f31f6dc6e39b1aebfb7f401f052e03fcc764e9e097f6435197cd37c0085207,1.0730510177843566,,,
baseline,drop_early,2019-12-31,2020-12-31,20260910,4,1732,2165,17,831a2fc74b70462c6a66d1be271cc59ab8955e55fec5b50ac2c1b98e96c0adee,1.1122199532616772,,,
baseline,drop_early,2019-12-31,2020-12-31,20260910,5,1732,2165,17,f30a07e632e47e4210e2e60252e18f359a9d6ea3fef045e8dc7a28fa9a5fe7f4,1.1182068752636811,,,
baseline,drop_early,2019-12-31,2020-12-31,20260910,6,1732,2165,17,ec384b68c6873ec681ebde3e58919125aaee05923a7ecf01259ab2db7f01233b,1.0931968551860396,,,
baseline,drop_early,2019-12-31,2020-12-31,20260910,7,1732,2165,17,251d6b92f963a1c9bf4925b82cb7666dedcd75f85d78997c4c22bed70091ec9b,1.1008264844467128,,,
baseline,drop_early,2019-12-31,2020-12-31,20260910,8,1732,2165,17,d171c0afaf3741c538cf0c29ccfa398f09e665c6ffd26e7d2e59f416c1a622ab,1.073919595967264,,,
baseline,drop_early,2019-12-31,2020-12-31,20260910,9,1732,2165,17,227ba3d4a9109afab6930f893cc5d5baf196bdb7862e5ebf6afa2f78a03b0836,1.0337772150788516,,,
baseline,drop_early,2019-12-31,2020-12-31,20260910,10,1732,2165,17,ec00b10d62de77778d549cea49062030a7e5d80dd99264de92ccbdd387cbef7d,1.0151088664768475,0.8823138516714611,1.0312121525647733,0.0012251408930488757
baseline,drop_early,2019-12-31,2020-12-31,20260910,11,1732,2165,17,81b277277fc117b80ac5740f2644d5f31b38aaf054774b22517f75451f176452,0.9571029274348023,,,
baseline,drop_early,2019-12-31,2020-12-31,20260910,12,1732,2165,17,b258ab125dc63a9d9973c39b80b7aa721f6e4ca9cd78e8b1d4ef5f41f3d50aa3,0.9113440836549631,,,
baseline,drop_early,2019-12-31,2020-12-31,20260910,13,1732,2165,17,8605d54dd3b981b15b649598c6f086d9cde10d6b7881cd3f38a19827b6c0d17e,0.8928719734760134,,,
baseline,drop_early,2019-12-31,2020-12-31,20260910,14,1732,2165,17,a43cab829eb43224389498068b0907f4578cf125587bd6406c3bb1a47a49ab95,0.8111203582127154,,,
baseline,drop_early,2019-12-31,2020-12-31,20260910,15,1732,2165,17,d3c0d82661232246b2a000fc71144af8186d6f254f90f727ecd28178292a0104,0.7858053558142576,,,
baseline,drop_early,2019-12-31,2020-12-31,20260910,16,1732,2165,17,5fe964a10e6a5cd640663586f3b9f047c9c4e81df81dba5d23fb77be4890c8a7,0.7824624180243142,,,
baseline,drop_early,2019-12-31,2020-12-31,20260910,17,1732,2165,17,ad35ff12030fdde98a5189b58f6501629aaa1921cfe30b9a3a7627c8d7a51d03,0.6994471230077414,,,
baseline,drop_early,2019-12-31,2020-12-31,20260910,18,1732,2165,17,a0f9696c12a620f59353f692ebb74cb89071bc5c0de48232198c05622502aa3f,0.6880488366232733,,,
baseline,drop_early,2019-12-31,2020-12-31,20260910,19,1732,2165,17,6d5944619bd4d4faef765a2f67507c8c049cb47163398e000daec8d05d4dc817,0.6772734872188083,,,
baseline,drop_early,2019-12-31,2020-12-31,20260910,20,1732,2165,17,c05cf2d92a03f48315cf368f85e771ffdc8124d4a85e23d3d72799323a05cb84,0.6716243433621959,0.4737664271171869,0.9084681726768441,0.0013859412729140424
baseline,drop_early,2019-12-31,2020-12-31,20260911,1,1732,2165,17,25051008aed421058bad372d9018dd0e7126b5b88d455dc3091e288ecd5fd946,1.0853454921592465,,,
baseline,drop_early,2019-12-31,2020-12-31,20260911,2,1732,2165,17,d0bc352dd2af6ea27a4917465512a76d1c407a0e9c7b8250cb02e3d192c13b0e,1.0956164050597792,,,
baseline,drop_early,2019-12-31,2020-12-31,20260911,3,1732,2165,17,0cd935a3159f3b85e85faf467010949f3ad9ba1e68909495daafa826d7ce8007,1.092662271010683,,,
baseline,drop_early,2019-12-31,2020-12-31,20260911,4,1732,2165,17,b13eb1f48d1995acad776b9e1e924e2a245e12d2f288c481c546cb1f748efaa0,1.1071126925752566,,,
baseline,drop_early,2019-12-31,2020-12-31,20260911,5,1732,2165,17,c1fbd8a29138eaa94d0dc527d8239318e401739ee80ec81a0b7a59c5952ba98b,1.0972802106557762,,,
baseline,drop_early,2019-12-31,2020-12-31,20260911,6,1732,2165,17,445291638c8768ff46b8d2d095edd5d518d6b25382a7cddd1cafbc8532036ffe,1.111012389643363,,,
baseline,drop_early,2019-12-31,2020-12-31,20260911,7,1732,2165,17,bf679f0dde925999fe66be1c2a39bad2069cac4b56226bcec5d3a991d3478c2b,1.0516031079699757,,,
baseline,drop_early,2019-12-31,2020-12-31,20260911,8,1732,2165,17,443468b4acacf46332e31007969da0ec4be0fd5bc5f872ca7dc3a5bc1bb987af,1.0242696308373855,,,
baseline,drop_early,2019-12-31,2020-12-31,20260911,9,1732,2165,17,ddd45cd715ddcfe3496363e7754f921c96916804d20cd1dbf2383eb7ef06300a,1.0470420181062976,,,
baseline,drop_early,2019-12-31,2020-12-31,20260911,10,1732,2165,17,3d0f1a5884de1548c6c8de5b58c34e7e611533cdc976c090f4c82751129e0035,0.9961786974384933,0.8366928761330268,1.0326802802140937,0.0012521451974472756
baseline,drop_early,2019-12-31,2020-12-31,20260911,11,1732,2165,17,4534381a227a5897b45078b7d2107bf95aa162bd9b6ff2d61dbd9aae579b61b6,0.9597783516791346,,,
baseline,drop_early,2019-12-31,2020-12-31,20260911,12,1732,2165,17,eda24a8474da7531b919dd8558061227a4dee463f5dce479576001b1580f167a,0.9246522308772486,,,
baseline,drop_early,2019-12-31,2020-12-31,20260911,13,1732,2165,17,73bd0d7ead7f4e58e2029b2a9558f6a81ab2bfc064db48551c938ad666f18268,0.8681645610591281,,,
baseline,drop_early,2019-12-31,2020-12-31,20260911,14,1732,2165,17,593cad855766b0b0a743b4c82e7d60cd26635be7e0e1c8558a9c236e6db25da6,0.8688717690681476,,,
baseline,drop_early,2019-12-31,2020-12-31,20260911,15,1732,2165,17,343ba9353f18df175019b82ef161d7395e519bdb82b784222c6d428f7e1db810,0.8189412360929177,,,
baseline,drop_early,2019-12-31,2020-12-31,20260911,16,1732,2165,17,702fabbf13b7827078f0614aaa8bf77113c0a40fd84808cd024cc32bc0fccd27,0.8031331964508215,,,
baseline,drop_early,2019-12-31,2020-12-31,20260911,17,1732,2165,17,a0350b3d8009b4b9265aa7263754b7557fc23e49827449e7f8735735c40f8c6f,0.7474450524079056,,,
baseline,drop_early,2019-12-31,2020-12-31,20260911,18,1732,2165,17,8ad653729be04120f6fdc8a9984163a56cf43f55b235177e06013ae55af43c8f,0.7247851369562656,,,
baseline,drop_early,2019-12-31,2020-12-31,20260911,19,1732,2165,17,dea1e837a2a682139e146e64a09f5d139408993ffeb7118582281f934f7280f3,0.6902156604905602,,,
baseline,drop_early,2019-12-31,2020-12-31,20260911,20,1732,2165,17,8318715de33e88a5b90ca152808801e0821ae89045dfdada390f0da6b197f542,0.6625590966425097,0.4881969885793074,0.8569614441235126,0.0014861027668334607
baseline,drop_early,2019-12-31,2020-12-31,20260912,1,1732,2165,17,e5ac2e600cd26f8902a4850c0c24fa60b226d0bb3e2d92e41aa3fd5c5dd8c3c2,1.1245016313039677,,,
baseline,drop_early,2019-12-31,2020-12-31,20260912,2,1732,2165,17,316e1de0407cd15ff520891b38821aff524cf91ddaddfe45a91bc1b254492d51,1.0890155320905373,,,
baseline,drop_early,2019-12-31,2020-12-31,20260912,3,1732,2165,17,6bd121045af96d9ac63f1c53268ed0ab46f4e80c6366504dce8cd85f35dba633,1.124287936593864,,,
baseline,drop_early,2019-12-31,2020-12-31,20260912,4,1732,2165,17,a716ea265503343d5bf9f4237c4b332c60cd91c1941ed3d4e96867c8a2d026b6,1.0919455159343694,,,
baseline,drop_early,2019-12-31,2020-12-31,20260912,5,1732,2165,17,147526759a65a44fc302baf65d4367d7d6d1280c30df181a82bff7e5be771f00,1.1132640429512182,,,
baseline,drop_early,2019-12-31,2020-12-31,20260912,6,1732,2165,17,aa8b4d9e688925f345a07c6820606101da14bd99792a13be54174a52af20ec9c,1.1138682908329072,,,
baseline,drop_early,2019-12-31,2020-12-31,20260912,7,1732,2165,17,34fd0630bbdd601a44287d07c3aac9dbd95507cba4383311d1aa78a48c6ed877,1.0722665146922405,,,
baseline,drop_early,2019-12-31,2020-12-31,20260912,8,1732,2165,17,39617b733613ca1fc4c3ee8eebcd7a67576ee5f5000e1c46b4eed648f10dcad4,1.1117018464255828,,,
baseline,drop_early,2019-12-31,2020-12-31,20260912,9,1732,2165,17,5a1595b2baf5e417c0713a77e58b5d5320d50d7d621c9ef6e6faa9a3cd6084b2,1.0893089042800128,,,
baseline,drop_early,2019-12-31,2020-12-31,20260912,10,1732,2165,17,fff623253077484545a840bfbe42479555017aa78148f82a8b6961c37029ffd4,1.0583394037107947,0.9297797222886295,1.049596471544226,0.0012177915958766095
baseline,drop_early,2019-12-31,2020-12-31,20260912,11,1732,2165,17,53af83c858a3c1e0bad27c92ba4236a0999fe925edf811c70b30d5057a933a7c,1.02651222275256,,,
baseline,drop_early,2019-12-31,2020-12-31,20260912,12,1732,2165,17,2449913efbfdfe991f794c3315624077ec647d33fee1af0a0b7b0c12e57ca100,1.0276569646996108,,,
baseline,drop_early,2019-12-31,2020-12-31,20260912,13,1732,2165,17,d5601c9f010cc2a96cbc979a178007faeea7330a084b8365e99aaf20f0b7b564,0.9361591056367817,,,
baseline,drop_early,2019-12-31,2020-12-31,20260912,14,1732,2165,17,68764c789e193e8ba9c52abe6a0c7fbd875511f8e0deaf3cf8e09ba20ebbd859,0.9080330929910339,,,
baseline,drop_early,2019-12-31,2020-12-31,20260912,15,1732,2165,17,fd9f4d49f7a9a0f75295aa6f10a8fdf80d2c4f2015bb02fada3bf0dbc73d4eb8,0.8858879486903307,,,
baseline,drop_early,2019-12-31,2020-12-31,20260912,16,1732,2165,17,28dab4abd51c81d0a589a42f7b9514f5491f83b7e81b2e87a7470e6addfa99fc,0.7921683452145882,,,
baseline,drop_early,2019-12-31,2020-12-31,20260912,17,1732,2165,17,fd7103c35713e0a6472e12fd653949a7ffa8feb5a4c2df0cb45d4be72a1a9640,0.7831553199550021,,,
baseline,drop_early,2019-12-31,2020-12-31,20260912,18,1732,2165,17,560f62ee8b2977fe69bcfff4646ea278411a8c7dc7f4b00d3f21d546863013f7,0.7696273175177893,,,
baseline,drop_early,2019-12-31,2020-12-31,20260912,19,1732,2165,17,d9a646c46b13b09e949621eb706045db11ee509a95d51b97c93d9d0389b05d9b,0.7079977118115502,,,
baseline,drop_early,2019-12-31,2020-12-31,20260912,20,1732,2165,17,19f3e00f62981f5230d2d9053dba005e1a4416551bf8eef12d1d211a6c2083d6,0.705052223546951,0.4905223383914516,1.00103375432673,0.0018534691230203497
baseline,drop_middle,2019-12-31,2020-12-31,20260910,1,1732,2165,17,358571fecb66679a6c9da83b3a84d2660c436d2f2c4cb6a280a218bc972587a7,1.1314784767446011,,,
baseline,drop_middle,2019-12-31,2020-12-31,20260910,2,1732,2165,17,84ecd0b627a753fbe88d8a40e7e5a6cf2247724e9daabda7ff5ecc49a8bf1bf9,1.110584368771824,,,
baseline,drop_middle,2019-12-31,2020-12-31,20260910,3,1732,2165,17,0543f0b6e8156be24568b3e2f8db1dbccb6728d3925059b4dba6bb3322fbbba9,1.1046205073526218,,,
baseline,drop_middle,2019-12-31,2020-12-31,20260910,4,1732,2165,17,7171730cefba432dd43851b9a5b83f13dcbc63301260d065a74bdcc010a64857,1.1103412297801663,,,
baseline,drop_middle,2019-12-31,2020-12-31,20260910,5,1732,2165,17,b565592fea4dddb53da064eb7f1d4070aff11597a3cad3e914b0a22162bd0332,1.1030052024277472,,,
baseline,drop_middle,2019-12-31,2020-12-31,20260910,6,1732,2165,17,64e013f629d6d59794cf683aa883782022ace84311d8959e273535412c99fc1e,1.1166635839272867,,,
baseline,drop_middle,2019-12-31,2020-12-31,20260910,7,1732,2165,17,6c5dee92b9eade398f74bcf1151972af9190965a9ca9d9dbd8b464d0be83d1e3,1.0773059455682168,,,
baseline,drop_middle,2019-12-31,2020-12-31,20260910,8,1732,2165,17,5c8c55af71d397e96c8f15e38485d021ae642f243d1ca27dbbe19898becd2b13,1.0432922175795047,,,
baseline,drop_middle,2019-12-31,2020-12-31,20260910,9,1732,2165,17,47b2b548eecba0526e3b4bcecf8bb766fa685f1b4b92e170024198700a18266b,1.0546795314233792,,,
baseline,drop_middle,2019-12-31,2020-12-31,20260910,10,1732,2165,17,79adc498647c7b46236d046a63350a6c00bc084fe0936c559a080b9ca7dc867b,1.0014255661336708,0.9130462983463984,1.0139047477316911,0.0010820000034440138
baseline,drop_middle,2019-12-31,2020-12-31,20260910,11,1732,2165,17,3b8c40938e9be027a3a228c432f01f8d9423f4bce0cfba58925b651ef2e90bd5,1.026166388179083,,,
baseline,drop_middle,2019-12-31,2020-12-31,20260910,12,1732,2165,17,049ac8ed05d0b827e1e01b8e869e1563f6f72604246cfdafa21325d9d91233da,0.9989908277575469,,,
baseline,drop_middle,2019-12-31,2020-12-31,20260910,13,1732,2165,17,43fecd29cb68d1986dda4587f50946c5481b980cac33ba2bf7ff544222135af2,0.9937893185824775,,,
baseline,drop_middle,2019-12-31,2020-12-31,20260910,14,1732,2165,17,6c6e3ed752a8f4c2ebf5d03ae560eb9754877b2b5e2b0a3f1053a5b68eaee565,0.9489819236495478,,,
baseline,drop_middle,2019-12-31,2020-12-31,20260910,15,1732,2165,17,840385a083a42bcca7dd0d7c8201f71267f2f89f9af2d15b939c568e1dc6abfc,0.9097713949498624,,,
baseline,drop_middle,2019-12-31,2020-12-31,20260910,16,1732,2165,17,365cc3d42bb4ff2d62da31c4d63e3b364a1c9c41481a3800938d111c61e9bfe1,0.8776180128577675,,,
baseline,drop_middle,2019-12-31,2020-12-31,20260910,17,1732,2165,17,bb5c10fba961821c9ab8a2033299688ce6933c8fd6c0c26cb219e7e5033a1c9f,0.812409802700025,,,
baseline,drop_middle,2019-12-31,2020-12-31,20260910,18,1732,2165,17,71fd5e0ce781b8fc359165e2948bc47a2d295f530416f48c25cb580b0864eec9,0.8192562069683648,,,
baseline,drop_middle,2019-12-31,2020-12-31,20260910,19,1732,2165,17,e329ee58abe620726a600240f7fae6605960be347c1359f3c898a2e7b25c3fae,0.7696328156264219,,,
baseline,drop_middle,2019-12-31,2020-12-31,20260910,20,1732,2165,17,a710dedab22681348d2640480114e4670d084ce20c8fac3042a4d905cc7ea0f6,0.7515892735805026,0.530608570327935,0.9824871917795088,0.0013135485371987901
baseline,drop_middle,2019-12-31,2020-12-31,20260911,1,1732,2165,17,b9196f7830b6f2b7480c38f5bd52bf1d51fc027b4fc686e8f4f99a23555b889a,1.0887552055420555,,,
baseline,drop_middle,2019-12-31,2020-12-31,20260911,2,1732,2165,17,4a41af747ea7b4b89a252c85beb956b07c4c97fe20c0288d2aee882dc3897721,1.0887681226532124,,,
baseline,drop_middle,2019-12-31,2020-12-31,20260911,3,1732,2165,17,d7755fc2c4d1a65d704b9341cd85000f93d148c39f2171cba20c1ae37e361254,1.117468103470483,,,
baseline,drop_middle,2019-12-31,2020-12-31,20260911,4,1732,2165,17,745b9993005026ca23b974a18241c1c589cc24536a941e9f0c05ad3d27d1eb0e,1.110603502110576,,,
baseline,drop_middle,2019-12-31,2020-12-31,20260911,5,1732,2165,17,47d6546f6a7152a5c0f492214755afa1cf32f0338ee75a0d38bab1f3067dadff,1.1055987227045636,,,
baseline,drop_middle,2019-12-31,2020-12-31,20260911,6,1732,2165,17,6d035bcfad624d8c217642a86bd81a9a8e5d083e8f916cf0d5d5c8a85dc304fe,1.072407533032239,,,
baseline,drop_middle,2019-12-31,2020-12-31,20260911,7,1732,2165,17,2fe713ef5f482a76aba4bd3351f52b2d43d7347cd9718f4800cdb82a6651436a,1.070720046331921,,,
baseline,drop_middle,2019-12-31,2020-12-31,20260911,8,1732,2165,17,954b0ba531bdd28819bd67933469a074ecf9611a9124361670ac1209dc323788,1.0329647167174976,,,
baseline,drop_middle,2019-12-31,2020-12-31,20260911,9,1732,2165,17,bb0b0c7e56abce8f34dc21bf55c6b503e679b74c6c49565b28fe06d9a28e8e95,1.0119417791553789,,,
baseline,drop_middle,2019-12-31,2020-12-31,20260911,10,1732,2165,17,edf954488341bae04b5d3cb7c619dbc1807bf3fef04a12bc6bf0d0c458d9c5a4,0.9766932107559804,0.8388906252026282,1.0215910147299117,0.0011129980001864622
baseline,drop_middle,2019-12-31,2020-12-31,20260911,11,1732,2165,17,07dc17dc969f7de095c5e22707922eb6825a68fc09e2a02ecd5f4223212facff,0.9474518589554979,,,
baseline,drop_middle,2019-12-31,2020-12-31,20260911,12,1732,2165,17,18f13d51301a8ab8abe6c0bee3d0ab9dc073caca61246ec3400592ab93ff733b,0.9301503380231438,,,
baseline,drop_middle,2019-12-31,2020-12-31,20260911,13,1732,2165,17,b28a4ab3a73ddc32b9442c1f0b140aea8a9b955b56b1f50309d9f0271bfd2e05,0.8800817298834098,,,
baseline,drop_middle,2019-12-31,2020-12-31,20260911,14,1732,2165,17,deb599cde3e79ce9144de0eb9022a1689400c2a08cb8f4bb1658542a714000f4,0.8459396805554009,,,
baseline,drop_middle,2019-12-31,2020-12-31,20260911,15,1732,2165,17,d2cdae1aaec88553e0a352d19f36b4eff0be163216b20240a1084b54c8c85849,0.8336520324403088,,,
baseline,drop_middle,2019-12-31,2020-12-31,20260911,16,1732,2165,17,efc7c7c437b867d94fb067c577ac785f5d72d9cc4df9c4aed86e5d19ea16367b,0.7826255918099754,,,
baseline,drop_middle,2019-12-31,2020-12-31,20260911,17,1732,2165,17,cbc1054c3e39e7b0874f60d6c7f83c8713007a0e7dd914f21d237c17756d7a53,0.7690349771023898,,,
baseline,drop_middle,2019-12-31,2020-12-31,20260911,18,1732,2165,17,f7c4cb83771775fa29b57d863f330430dc010cb6738e859cb8858f69841b32ef,0.7362568632559743,,,
baseline,drop_middle,2019-12-31,2020-12-31,20260911,19,1732,2165,17,b1fdd45ac75735ee268750591ef6eec21490f96105b2b1831445bf237cfcb37f,0.7311063868068933,,,
baseline,drop_middle,2019-12-31,2020-12-31,20260911,20,1732,2165,17,0968744a1f341d9de4124385d338c8528454c06803b682e92bc137402fe5c8e0,0.6903928287860703,0.5001880632537067,0.8504719679129867,0.0011204883119246684
baseline,drop_middle,2019-12-31,2020-12-31,20260912,1,1732,2165,17,8104bca87315609ffbd9e8b0ccde5b978b277df79fc32b71b4c7330504b84a8d,1.1133515670723508,,,
baseline,drop_middle,2019-12-31,2020-12-31,20260912,2,1732,2165,17,99e1e93491fef1e25ebcd4ceb7cf15111a8a5ed01676f3ac94d2254e0db04439,1.0927366636091236,,,
baseline,drop_middle,2019-12-31,2020-12-31,20260912,3,1732,2165,17,26305a96c7bf81c6308efb2e99fdbd6a8adb47e9e9c8109dc1bf7d107046d38c,1.1128698860249948,,,
baseline,drop_middle,2019-12-31,2020-12-31,20260912,4,1732,2165,17,1438813210837691d486ddd55a4d93590033e0c98f5d7f8de27854c8e52d8e2e,1.0765806981102148,,,
baseline,drop_middle,2019-12-31,2020-12-31,20260912,5,1732,2165,17,c154e3f03f50e7168c7559b3a3b194418090274126d951e9fb5eacb7aa6f3d93,1.097351234229002,,,
baseline,drop_middle,2019-12-31,2020-12-31,20260912,6,1732,2165,17,d9ec94e1773ac149d13404e07bded4e47437909b4d132059c03b3637e9719956,1.096859507858065,,,
baseline,drop_middle,2019-12-31,2020-12-31,20260912,7,1732,2165,17,f1be37e552c93ee0cef079bf8680f68dcdc256ec66b07e0b06f939672758bc04,1.0998323796252456,,,
baseline,drop_middle,2019-12-31,2020-12-31,20260912,8,1732,2165,17,c8f862f79f34a614a5759e108a0d6d656c93f7c8967e288799fe1a56567bc449,1.0883080571132775,,,
baseline,drop_middle,2019-12-31,2020-12-31,20260912,9,1732,2165,17,a8efabc0b50bc240386561d1ac8809294178e8ad1fdad0229d1f81b51f375c0d,1.006810378092266,,,
baseline,drop_middle,2019-12-31,2020-12-31,20260912,10,1732,2165,17,2e0d6dbbbcf38c9c14ba761e64bda020ccb7bd013d8a77f5ac9d889a98c0ec4f,0.9933491488802516,0.8431509273432144,1.101859460526746,0.0011510856725701363
baseline,drop_middle,2019-12-31,2020-12-31,20260912,11,1732,2165,17,11b582973d5b49c3c230c5f3bec86ec915e6119ac7c277cf2947a1e42b0c321c,0.9267201992435764,,,
baseline,drop_middle,2019-12-31,2020-12-31,20260912,12,1732,2165,17,7ce279bf5187fc4795e7c16dffb97d85842a6d2f19e362767766a7895dc5fac0,0.9028829108209588,,,
baseline,drop_middle,2019-12-31,2020-12-31,20260912,13,1732,2165,17,7436c057f30f63f29a21eca5fc4bd14118110dd7907cb3ab919a2441a721f0b0,0.8789252716454292,,,
baseline,drop_middle,2019-12-31,2020-12-31,20260912,14,1732,2165,17,bb7a1759071e6a329fe0ac2cf500be7aafb991fecf1ce17d33fbb55f0f9c6564,0.8475012963968942,,,
baseline,drop_middle,2019-12-31,2020-12-31,20260912,15,1732,2165,17,b0b11f1680cc442dfcca2201f8b0d7ff7b9d2f46a45e0601590db7e8db0454c4,0.7971929018547023,,,
baseline,drop_middle,2019-12-31,2020-12-31,20260912,16,1732,2165,17,4b94161a461ba5d1812ee470b30acfa70ecf040764a80351fec098635fe40161,0.7604199499786588,,,
baseline,drop_middle,2019-12-31,2020-12-31,20260912,17,1732,2165,17,aaf94ca26d667fb12ea12bab1503cec49da63da38c0bf405248d98f783990e2b,0.744610347566098,,,
baseline,drop_middle,2019-12-31,2020-12-31,20260912,18,1732,2165,17,7f2d65ee0a080935b06fcb8a4e05d68435ca1bb7290572c55c0858eb6f688995,0.7102277117293095,,,
baseline,drop_middle,2019-12-31,2020-12-31,20260912,19,1732,2165,17,2541aff647ccef1bc2e0492d1f55da2d35851e8b0ddc038db9bedf2955cafff3,0.6533003888834982,,,
baseline,drop_middle,2019-12-31,2020-12-31,20260912,20,1732,2165,17,1a86e20a947424e261055146eff925641bad169ad9ab5f433054e72fbacfca3b,0.6504203341574372,0.45546886662137426,0.9344255984793084,0.0011970269839221303
baseline,drop_recent,2019-12-31,2020-12-31,20260910,1,1732,2165,17,526aecab9b8bdb11c2a85505626f6c2b5a587be9e3baa6175965bceda5303a29,1.1086455795561194,,,
baseline,drop_recent,2019-12-31,2020-12-31,20260910,2,1732,2165,17,22a2f5c5b811395d8ff789d30e7277ca01fc5a98ac05dbe9269f260d7cd336f2,1.1095886539366724,,,
baseline,drop_recent,2019-12-31,2020-12-31,20260910,3,1732,2165,17,20f19bb115f1fd5fb2e91dc2ca1898c9441229399f13a0a9135200d6e3671eb0,1.1132774054591155,,,
baseline,drop_recent,2019-12-31,2020-12-31,20260910,4,1732,2165,17,ce091827e1502ed56c67aeb8b9aa7531e6228ead0a142e779ab386d5f5789fdd,1.1011232185584017,,,
baseline,drop_recent,2019-12-31,2020-12-31,20260910,5,1732,2165,17,0afa581dd154210305f2a67feccee7f5f5141562d865394f28645ae8e9497d6c,1.085000485278167,,,
baseline,drop_recent,2019-12-31,2020-12-31,20260910,6,1732,2165,17,445223a5ace597329d1e568921c3b0813c521263505d7c85fae7a77c740270d1,1.1218954839552246,,,
baseline,drop_recent,2019-12-31,2020-12-31,20260910,7,1732,2165,17,752fcd3ea5873e19049ac9b7a901e8ae6df898cad003d874bd4dfd9600f2c414,1.0653064606646743,,,
baseline,drop_recent,2019-12-31,2020-12-31,20260910,8,1732,2165,17,1f6d9dfc5697a9f79e45007c18d11adbd2db02efdcf273a6e1b77ad388c88b32,1.0027371059939714,,,
baseline,drop_recent,2019-12-31,2020-12-31,20260910,9,1732,2165,17,f247d285b9c6da8d8ef64d8f35af868dc4ba5065a196fa30889b2cc5f7242bd8,0.9918296008407381,,,
baseline,drop_recent,2019-12-31,2020-12-31,20260910,10,1732,2165,17,949082dd05f48a7d6aed5925930bd30b51f233545962833992e71e1d45e7a58c,0.9644625190774508,0.7688928608530938,1.0989811414934472,0.0013738393687131125
baseline,drop_recent,2019-12-31,2020-12-31,20260910,11,1732,2165,17,768d49c4f9e8978ab77edff526653974682f4dcccb9e7917b540fa3b19628936,0.9263728279715047,,,
baseline,drop_recent,2019-12-31,2020-12-31,20260910,12,1732,2165,17,0c6fe13a17172996eed309445c22dc50d73263bc54b472b18fad931099f60d58,0.8730491242287616,,,
baseline,drop_recent,2019-12-31,2020-12-31,20260910,13,1732,2165,17,f59fd6a966ee79fe11cfe6f570183f9e8176bda4db08906387dab218bce70be4,0.8385401849658605,,,
baseline,drop_recent,2019-12-31,2020-12-31,20260910,14,1732,2165,17,2f2125c536e7ac2f9f64204364d2452cae37cbf7eaa670a5868fbca63768edcf,0.7915881052578845,,,
baseline,drop_recent,2019-12-31,2020-12-31,20260910,15,1732,2165,17,3d96bad222a889545ffd779e6135eb8dfed525b6082909edbfd6a681316c29e1,0.7402222488548684,,,
baseline,drop_recent,2019-12-31,2020-12-31,20260910,16,1732,2165,17,d8e0aaea0781b5f8ebbe523e7e42ae2c616666cb60f59032535c953b4d2d68ce,0.7010247750040015,,,
baseline,drop_recent,2019-12-31,2020-12-31,20260910,17,1732,2165,17,ff7fab5ae6dce9adec594a68629be75ac98e0af572f9c3d8c9f817ecf3431a3b,0.650211344993142,,,
baseline,drop_recent,2019-12-31,2020-12-31,20260910,18,1732,2165,17,8f3414b119dc7779e3661fd158865d05cd4897a0ed03089d2c41d6b671169e58,0.6400173232131412,,,
baseline,drop_recent,2019-12-31,2020-12-31,20260910,19,1732,2165,17,4f9831e575a492b9bd0d6a2783b78625dde34dc5013b4f2214c8b22db72cd0fa,0.5989252569769051,,,
baseline,drop_recent,2019-12-31,2020-12-31,20260910,20,1732,2165,17,2d25b79034e696e01a653127aa00b154cb5b18d7fa90c41140ea7e57ac7d2fe1,0.569446943813879,0.38243749896042895,0.9543211961177975,0.0013668873165753519
baseline,drop_recent,2019-12-31,2020-12-31,20260911,1,1732,2165,17,ee83687c9e086be8b6809e761b783d5716754e33680daebf370c8838e4d2f333,1.0815388539646844,,,
baseline,drop_recent,2019-12-31,2020-12-31,20260911,2,1732,2165,17,c2aaaa78f22aad2d976be83f60f02d12d258213dde9bb8795f16578fb1f4c9aa,1.0741058323179602,,,
baseline,drop_recent,2019-12-31,2020-12-31,20260911,3,1732,2165,17,567aa0b677048daf71ea60292b0e429647d18ec01221b5c54b80cbd01ce0ce75,1.0987360349152986,,,
baseline,drop_recent,2019-12-31,2020-12-31,20260911,4,1732,2165,17,7b25526f66839d879222e1a0d485ddfc67fc6ffe5450c6c3599b5af96164f2fe,1.0961707166381025,,,
baseline,drop_recent,2019-12-31,2020-12-31,20260911,5,1732,2165,17,c22e7e1c4a338c5064d5b683d52a8f8a40955130b00c252c350d12cdeb9b9636,1.0986790608588872,,,
baseline,drop_recent,2019-12-31,2020-12-31,20260911,6,1732,2165,17,fe3d37216f7a123e3789bd7c6d5246d12a342a219952e98d7dc1bcb31a875af5,1.073254270393909,,,
baseline,drop_recent,2019-12-31,2020-12-31,20260911,7,1732,2165,17,c5beaab5979770e7d02cec4bd3358f27f9efe416a36163fd94fbd473bc7e8547,1.0935889766618232,,,
baseline,drop_recent,2019-12-31,2020-12-31,20260911,8,1732,2165,17,7425dbeacbd4d0fb90e707a23999c9e8490476704fb54ff9f638081cbd4034cd,1.0628317188721055,,,
baseline,drop_recent,2019-12-31,2020-12-31,20260911,9,1732,2165,17,7a6a9ef56b3ca6462e04d13921c5857ffbe8f1ec51234b9847020b6c820bc2a1,1.016025149299146,,,
baseline,drop_recent,2019-12-31,2020-12-31,20260911,10,1732,2165,17,b84ab91937d11b5d3898eb2f397c35f788ae3619dcea23ad47e8357e7e1da73b,1.0366101715911618,0.8677895834484497,1.0088959136680973,0.0011357234358723197
baseline,drop_recent,2019-12-31,2020-12-31,20260911,11,1732,2165,17,c3c976d7f02f2811483389abe4a82f9087680c63e6f2b514ee6a89bfc4c8f008,0.9675586871682359,,,
baseline,drop_recent,2019-12-31,2020-12-31,20260911,12,1732,2165,17,1cda1d7a8b6fd14ff031b9bff0439bd3e91ec716a2f09dac5fb53fda635ce3f9,0.9516818516524229,,,
baseline,drop_recent,2019-12-31,2020-12-31,20260911,13,1732,2165,17,446bc298f2fcff2a3e61a05358a6fd12a5813c55ea3a97f0a741801d046996ee,0.9494466992228466,,,
baseline,drop_recent,2019-12-31,2020-12-31,20260911,14,1732,2165,17,cc3c04993070ca0eb39ab1abb24d5df03817f03f541dd9112de8fef22f87df54,0.925742859267748,,,
baseline,drop_recent,2019-12-31,2020-12-31,20260911,15,1732,2165,17,5f31d947f4ac968a504039422cdf834ac058aecd76fa42e103c9fe9eb9402fec,0.900139135631623,,,
baseline,drop_recent,2019-12-31,2020-12-31,20260911,16,1732,2165,17,8952e02c7aaf49c2c986a417eca2ac85ee57e31585959a3f046ffc65ad45b052,0.8720493513497138,,,
baseline,drop_recent,2019-12-31,2020-12-31,20260911,17,1732,2165,17,77d2d8d5d4ad296d955c3d916def6aa8c761b132d9cb44f13ef84ed7cf57e75c,0.8552557921024173,,,
baseline,drop_recent,2019-12-31,2020-12-31,20260911,18,1732,2165,17,5ad7e02882a16033936f5f08c999c3664a3ac7b3084755ae07d8521d580cb905,0.798540987483899,,,
baseline,drop_recent,2019-12-31,2020-12-31,20260911,19,1732,2165,17,6ef074bbfc0f9ed2387c86fae96d842ecdcaa706ea3922912089c7a691e66e3f,0.780587717429595,,,
baseline,drop_recent,2019-12-31,2020-12-31,20260911,20,1732,2165,17,9011dda17ab71fa862ccec6d2741c1c26b7e43abe7c09374b870b9aae439484d,0.7907340316794486,0.5767413121723413,0.8658478232509269,0.0012151902983835233
baseline,drop_recent,2019-12-31,2020-12-31,20260912,1,1732,2165,17,9278019be3e8712dcae72d390c44b949ecf542cdd0d446474b51428bce0ccca2,1.1345168267331553,,,
baseline,drop_recent,2019-12-31,2020-12-31,20260912,2,1732,2165,17,01955ff2e8fdbd1af92fda391112739c60cd69218b6539f97f7151ababc9ab50,1.1087795163136982,,,
baseline,drop_recent,2019-12-31,2020-12-31,20260912,3,1732,2165,17,421a7c1125e2eb7d1cf3d8854853107997e786d7068ba2a5e5fcaef110888857,1.0992709522709836,,,
baseline,drop_recent,2019-12-31,2020-12-31,20260912,4,1732,2165,17,705810588f9fcf8b9716509dc098bb2587810b1e297b82bf9e0c1acb59b1fa7c,1.0819163973832515,,,
baseline,drop_recent,2019-12-31,2020-12-31,20260912,5,1732,2165,17,4655cab6d9e0b86150342820cd32ccb55bb42821ac9bea85cb19786de5e947c9,1.1059572592067939,,,
baseline,drop_recent,2019-12-31,2020-12-31,20260912,6,1732,2165,17,98cda84bb1a1d9d53c78ae33c606c24229b0e36cea5d0e5ae3c3d5d95d5d7e31,1.11328531765222,,,
baseline,drop_recent,2019-12-31,2020-12-31,20260912,7,1732,2165,17,3eb049a4e183b9d8cc67645d644394e44a4b19c00107e9e8df8881f31f358a19,1.0901784737170706,,,
baseline,drop_recent,2019-12-31,2020-12-31,20260912,8,1732,2165,17,c087773a6206922763efbb7a9178b8b405e6de205992bca586e11d160d47ece6,1.10211028309397,,,
baseline,drop_recent,2019-12-31,2020-12-31,20260912,9,1732,2165,17,7319c1c9bb6179f691c20331cf7a0f4aa3326c5a386de5a009381c01dcff52b3,1.0313636611295351,,,
baseline,drop_recent,2019-12-31,2020-12-31,20260912,10,1732,2165,17,9e1491ef5cc181060c2ccdbf0df8d0a8d84188e0a413286fb8330f7cb6684919,1.0289189628035036,0.9047811763666519,1.0821767965585476,0.001251051943737849
baseline,drop_recent,2019-12-31,2020-12-31,20260912,11,1732,2165,17,ee4b0ac1abd7d6d3a01ca5db0b7b1762c7a9c2463173ac4513cff50737c59fc5,0.9759446674351329,,,
baseline,drop_recent,2019-12-31,2020-12-31,20260912,12,1732,2165,17,598b3d99f42e781eaf56133d6b47b3030b37d7a297b2d8f5db4b25daee3f1acd,0.9382402380949906,,,
baseline,drop_recent,2019-12-31,2020-12-31,20260912,13,1732,2165,17,fab4d3390a6a5fefaf1573ed75bbc19675e6de27aa4eca2e8cb6245f62d5ef0c,0.938588962103423,,,
baseline,drop_recent,2019-12-31,2020-12-31,20260912,14,1732,2165,17,9b872e8bf6f86145aae9b386cb947da982a1bda909713eadc6a5a9e630f0da4b,0.8711917964470579,,,
baseline,drop_recent,2019-12-31,2020-12-31,20260912,15,1732,2165,17,95844d50b365ef55edc18de9299636d0120c9fabe66b466e916a049c617c6f81,0.8879715495792327,,,
baseline,drop_recent,2019-12-31,2020-12-31,20260912,16,1732,2165,17,3b6e8080aeb143f6f775eb9199613e72e89953111ec785e00e79b1084994095a,0.8185697941802115,,,
baseline,drop_recent,2019-12-31,2020-12-31,20260912,17,1732,2165,17,5ebef40a7444bcf000f93bac45a20a20c33c7c0e7ae139fcf02344d8e1bad68b,0.8158414372395698,,,
baseline,drop_recent,2019-12-31,2020-12-31,20260912,18,1732,2165,17,f7c8ca0bdb63c47d41cec91582703a8bf4f69856ee3134ae051c4191142855b9,0.771657569551578,,,
baseline,drop_recent,2019-12-31,2020-12-31,20260912,19,1732,2165,17,a3c40324191267fff49b7259c29f8eb256a4c2d8cae660146c502a1fa6a0ef13,0.7436783167561538,,,
baseline,drop_recent,2019-12-31,2020-12-31,20260912,20,1732,2165,17,a9c92bea8540dfe054f6ee0a6194817598e4c66ef793ad541352c792618172b2,0.7611462277573195,0.5575922895524023,0.9843690202638128,0.0014333852724409256
