job,method,cutoff,seed,coordinate,name,block,coefficient
learned_market_2014-12-31_20260910,learned_market,2014-12-31,20260910,0,decoded_00,representation,-0.006979611713299887
learned_market_2014-12-31_20260910,learned_market,2014-12-31,20260910,1,decoded_01,representation,-0.10710464628027179
learned_market_2014-12-31_20260910,learned_market,2014-12-31,20260910,2,decoded_02,representation,-0.05984906057740627
learned_market_2014-12-31_20260910,learned_market,2014-12-31,20260910,3,decoded_03,representation,0.06280212338663373
learned_market_2014-12-31_20260910,learned_market,2014-12-31,20260910,4,decoded_04,representation,0.05198038342885935
learned_market_2014-12-31_20260910,learned_market,2014-12-31,20260910,5,decoded_05,representation,-0.00511986020473099
learned_market_2014-12-31_20260910,learned_market,2014-12-31,20260910,6,decoded_06,representation,0.17232705824432043
learned_market_2014-12-31_20260910,learned_market,2014-12-31,20260910,7,decoded_07,representation,0.0949098073818092
learned_market_2014-12-31_20260910,learned_market,2014-12-31,20260910,8,decoded_08,representation,0.05256274847361821
learned_market_2014-12-31_20260910,learned_market,2014-12-31,20260910,9,decoded_09,representation,0.08185434754180011
learned_market_2014-12-31_20260910,learned_market,2014-12-31,20260910,10,decoded_10,representation,-0.0600334449753525
learned_market_2014-12-31_20260910,learned_market,2014-12-31,20260910,11,decoded_11,representation,0.05154721125212076
learned_market_2014-12-31_20260910,learned_market,2014-12-31,20260910,12,decoded_12,representation,0.003888870102097781
learned_market_2014-12-31_20260910,learned_market,2014-12-31,20260910,13,decoded_13,representation,0.09505397271516147
learned_market_2014-12-31_20260910,learned_market,2014-12-31,20260910,14,decoded_14,representation,-0.025528043795845067
learned_market_2014-12-31_20260910,learned_market,2014-12-31,20260910,15,decoded_15,representation,-0.09748918800917504
learned_market_2014-12-31_20260910,learned_market,2014-12-31,20260910,16,decoded_16,representation,-0.0020692265740034615
learned_market_2014-12-31_20260910,learned_market,2014-12-31,20260910,17,decoded_17,representation,0.4390794001183316
learned_market_2014-12-31_20260910,learned_market,2014-12-31,20260910,18,decoded_18,representation,0.06557784372263768
learned_market_2014-12-31_20260910,learned_market,2014-12-31,20260910,19,decoded_19,representation,-0.02706221555832699
learned_market_2014-12-31_20260910,learned_market,2014-12-31,20260910,20,decoded_20,representation,0.08560582378068911
learned_market_2014-12-31_20260910,learned_market,2014-12-31,20260910,21,decoded_21,representation,0.2754830971800161
learned_market_2014-12-31_20260910,learned_market,2014-12-31,20260910,22,decoded_22,representation,-0.5365583742369087
learned_market_2014-12-31_20260910,learned_market,2014-12-31,20260910,23,decoded_23,representation,-0.044348909730975807
learned_market_2014-12-31_20260910,learned_market,2014-12-31,20260910,24,decoded_24,representation,0.2698598384471878
learned_market_2014-12-31_20260910,learned_market,2014-12-31,20260910,25,market_trend60,market,-0.28447597188064094
learned_market_2014-12-31_20260910,learned_market,2014-12-31,20260910,26,market_volatility20,market,0.22434518940212453
learned_market_2014-12-31_20260910,learned_market,2014-12-31,20260910,27,market_range20,market,0.04050419627892397
learned_market_2014-12-31_20260910,learned_market,2014-12-31,20260910,28,market_volume_change20,market,0.23715687854853956
learned_market_2014-12-31_20260910,learned_market,2014-12-31,20260910,29,intercept,intercept,-0.03848036005544251
learned_market_2014-12-31_20260911,learned_market,2014-12-31,20260911,0,decoded_00,representation,-0.299577215940994
learned_market_2014-12-31_20260911,learned_market,2014-12-31,20260911,1,decoded_01,representation,0.1953403716783763
learned_market_2014-12-31_20260911,learned_market,2014-12-31,20260911,2,decoded_02,representation,0.3053780719858244
learned_market_2014-12-31_20260911,learned_market,2014-12-31,20260911,3,decoded_03,representation,-0.2651527277739804
learned_market_2014-12-31_20260911,learned_market,2014-12-31,20260911,4,decoded_04,representation,-0.12283779160885935
learned_market_2014-12-31_20260911,learned_market,2014-12-31,20260911,5,decoded_05,representation,-0.01521784004517563
learned_market_2014-12-31_20260911,learned_market,2014-12-31,20260911,6,decoded_06,representation,-0.09253561586102793
learned_market_2014-12-31_20260911,learned_market,2014-12-31,20260911,7,decoded_07,representation,-0.038117438841779996
learned_market_2014-12-31_20260911,learned_market,2014-12-31,20260911,8,decoded_08,representation,-0.17045125736741185
learned_market_2014-12-31_20260911,learned_market,2014-12-31,20260911,9,decoded_09,representation,0.034977911422996374
learned_market_2014-12-31_20260911,learned_market,2014-12-31,20260911,10,decoded_10,representation,0.01833082639352026
learned_market_2014-12-31_20260911,learned_market,2014-12-31,20260911,11,decoded_11,representation,0.0962183708664925
learned_market_2014-12-31_20260911,learned_market,2014-12-31,20260911,12,decoded_12,representation,-0.19477392752368441
learned_market_2014-12-31_20260911,learned_market,2014-12-31,20260911,13,decoded_13,representation,-0.028831893811739624
learned_market_2014-12-31_20260911,learned_market,2014-12-31,20260911,14,decoded_14,representation,0.1006965746810931
learned_market_2014-12-31_20260911,learned_market,2014-12-31,20260911,15,decoded_15,representation,0.007156320887580876
learned_market_2014-12-31_20260911,learned_market,2014-12-31,20260911,16,decoded_16,representation,-0.0008726964163698575
learned_market_2014-12-31_20260911,learned_market,2014-12-31,20260911,17,decoded_17,representation,0.16171011320149217
learned_market_2014-12-31_20260911,learned_market,2014-12-31,20260911,18,decoded_18,representation,-0.055546843730072806
learned_market_2014-12-31_20260911,learned_market,2014-12-31,20260911,19,decoded_19,representation,-0.02868657372518859
learned_market_2014-12-31_20260911,learned_market,2014-12-31,20260911,20,decoded_20,representation,0.2557379344195926
learned_market_2014-12-31_20260911,learned_market,2014-12-31,20260911,21,decoded_21,representation,-0.049693733944003074
learned_market_2014-12-31_20260911,learned_market,2014-12-31,20260911,22,decoded_22,representation,-0.1835633021016976
learned_market_2014-12-31_20260911,learned_market,2014-12-31,20260911,23,decoded_23,representation,-0.06048645420535799
learned_market_2014-12-31_20260911,learned_market,2014-12-31,20260911,24,decoded_24,representation,-0.2306493742952615
learned_market_2014-12-31_20260911,learned_market,2014-12-31,20260911,25,market_trend60,market,-0.15519795307306586
learned_market_2014-12-31_20260911,learned_market,2014-12-31,20260911,26,market_volatility20,market,0.24717306230308428
learned_market_2014-12-31_20260911,learned_market,2014-12-31,20260911,27,market_range20,market,-0.030744279427436443
learned_market_2014-12-31_20260911,learned_market,2014-12-31,20260911,28,market_volume_change20,market,0.19066855956195441
learned_market_2014-12-31_20260911,learned_market,2014-12-31,20260911,29,intercept,intercept,-0.03183097174736521
learned_market_2014-12-31_20260912,learned_market,2014-12-31,20260912,0,decoded_00,representation,0.011784722655913136
learned_market_2014-12-31_20260912,learned_market,2014-12-31,20260912,1,decoded_01,representation,0.3467114418239049
learned_market_2014-12-31_20260912,learned_market,2014-12-31,20260912,2,decoded_02,representation,0.20254391530472152
learned_market_2014-12-31_20260912,learned_market,2014-12-31,20260912,3,decoded_03,representation,0.10235007557735573
learned_market_2014-12-31_20260912,learned_market,2014-12-31,20260912,4,decoded_04,representation,0.06303214024759479
learned_market_2014-12-31_20260912,learned_market,2014-12-31,20260912,5,decoded_05,representation,0.05044085053968191
learned_market_2014-12-31_20260912,learned_market,2014-12-31,20260912,6,decoded_06,representation,-0.27617940459104373
learned_market_2014-12-31_20260912,learned_market,2014-12-31,20260912,7,decoded_07,representation,-0.015340183486190529
learned_market_2014-12-31_20260912,learned_market,2014-12-31,20260912,8,decoded_08,representation,-0.1294673107330842
learned_market_2014-12-31_20260912,learned_market,2014-12-31,20260912,9,decoded_09,representation,-0.22587755895027442
learned_market_2014-12-31_20260912,learned_market,2014-12-31,20260912,10,decoded_10,representation,0.22898282320534086
learned_market_2014-12-31_20260912,learned_market,2014-12-31,20260912,11,decoded_11,representation,-0.17148345515707447
learned_market_2014-12-31_20260912,learned_market,2014-12-31,20260912,12,decoded_12,representation,-0.2361379454543986
learned_market_2014-12-31_20260912,learned_market,2014-12-31,20260912,13,decoded_13,representation,0.07859330767990023
learned_market_2014-12-31_20260912,learned_market,2014-12-31,20260912,14,decoded_14,representation,0.055163392212635186
learned_market_2014-12-31_20260912,learned_market,2014-12-31,20260912,15,decoded_15,representation,0.14681011454427945
learned_market_2014-12-31_20260912,learned_market,2014-12-31,20260912,16,decoded_16,representation,0.12560119355510554
learned_market_2014-12-31_20260912,learned_market,2014-12-31,20260912,17,decoded_17,representation,0.08678986713303558
learned_market_2014-12-31_20260912,learned_market,2014-12-31,20260912,18,decoded_18,representation,-0.0795614543035247
learned_market_2014-12-31_20260912,learned_market,2014-12-31,20260912,19,decoded_19,representation,0.25678911357809997
learned_market_2014-12-31_20260912,learned_market,2014-12-31,20260912,20,decoded_20,representation,0.09373848600789943
learned_market_2014-12-31_20260912,learned_market,2014-12-31,20260912,21,decoded_21,representation,0.14378704400682446
learned_market_2014-12-31_20260912,learned_market,2014-12-31,20260912,22,decoded_22,representation,0.08028308921629616
learned_market_2014-12-31_20260912,learned_market,2014-12-31,20260912,23,decoded_23,representation,-0.40665337834283327
learned_market_2014-12-31_20260912,learned_market,2014-12-31,20260912,24,decoded_24,representation,0.03630467070436857
learned_market_2014-12-31_20260912,learned_market,2014-12-31,20260912,25,market_trend60,market,-0.08093939201313989
learned_market_2014-12-31_20260912,learned_market,2014-12-31,20260912,26,market_volatility20,market,0.18285741948827722
learned_market_2014-12-31_20260912,learned_market,2014-12-31,20260912,27,market_range20,market,0.07808137841673643
learned_market_2014-12-31_20260912,learned_market,2014-12-31,20260912,28,market_volume_change20,market,0.1585939694440827
learned_market_2014-12-31_20260912,learned_market,2014-12-31,20260912,29,intercept,intercept,-0.02983241189642209
learned_market_2015-12-31_20260910,learned_market,2015-12-31,20260910,0,decoded_00,representation,0.031052694760083197
learned_market_2015-12-31_20260910,learned_market,2015-12-31,20260910,1,decoded_01,representation,-0.03222919212224753
learned_market_2015-12-31_20260910,learned_market,2015-12-31,20260910,2,decoded_02,representation,0.1356808882553204
learned_market_2015-12-31_20260910,learned_market,2015-12-31,20260910,3,decoded_03,representation,0.005949440869768884
learned_market_2015-12-31_20260910,learned_market,2015-12-31,20260910,4,decoded_04,representation,0.030315866321640184
learned_market_2015-12-31_20260910,learned_market,2015-12-31,20260910,5,decoded_05,representation,0.10721973530513453
learned_market_2015-12-31_20260910,learned_market,2015-12-31,20260910,6,decoded_06,representation,-0.13791409625083445
learned_market_2015-12-31_20260910,learned_market,2015-12-31,20260910,7,decoded_07,representation,-0.2568461168175845
learned_market_2015-12-31_20260910,learned_market,2015-12-31,20260910,8,decoded_08,representation,-0.16227143278196998
learned_market_2015-12-31_20260910,learned_market,2015-12-31,20260910,9,decoded_09,representation,-0.10768039647949704
learned_market_2015-12-31_20260910,learned_market,2015-12-31,20260910,10,decoded_10,representation,-0.05137282581831543
learned_market_2015-12-31_20260910,learned_market,2015-12-31,20260910,11,decoded_11,representation,-0.012129691097103285
learned_market_2015-12-31_20260910,learned_market,2015-12-31,20260910,12,decoded_12,representation,-0.13741742982173596
learned_market_2015-12-31_20260910,learned_market,2015-12-31,20260910,13,decoded_13,representation,0.12238726722925429
learned_market_2015-12-31_20260910,learned_market,2015-12-31,20260910,14,decoded_14,representation,0.16297442403117848
learned_market_2015-12-31_20260910,learned_market,2015-12-31,20260910,15,decoded_15,representation,0.22384936068264202
learned_market_2015-12-31_20260910,learned_market,2015-12-31,20260910,16,decoded_16,representation,-0.030140091693192525
learned_market_2015-12-31_20260910,learned_market,2015-12-31,20260910,17,decoded_17,representation,-0.009484128241541916
learned_market_2015-12-31_20260910,learned_market,2015-12-31,20260910,18,decoded_18,representation,0.013457597697258981
learned_market_2015-12-31_20260910,learned_market,2015-12-31,20260910,19,decoded_19,representation,-0.2580410191186504
learned_market_2015-12-31_20260910,learned_market,2015-12-31,20260910,20,decoded_20,representation,0.24437910927456621
learned_market_2015-12-31_20260910,learned_market,2015-12-31,20260910,21,decoded_21,representation,-0.03525885620376414
learned_market_2015-12-31_20260910,learned_market,2015-12-31,20260910,22,decoded_22,representation,0.21348649768633735
learned_market_2015-12-31_20260910,learned_market,2015-12-31,20260910,23,decoded_23,representation,0.10564749228661387
learned_market_2015-12-31_20260910,learned_market,2015-12-31,20260910,24,decoded_24,representation,-0.06240539115333605
learned_market_2015-12-31_20260910,learned_market,2015-12-31,20260910,25,market_trend60,market,-0.2582202865485514
learned_market_2015-12-31_20260910,learned_market,2015-12-31,20260910,26,market_volatility20,market,0.25774799100254553
learned_market_2015-12-31_20260910,learned_market,2015-12-31,20260910,27,market_range20,market,-0.016992335461603836
learned_market_2015-12-31_20260910,learned_market,2015-12-31,20260910,28,market_volume_change20,market,0.16582920451381544
learned_market_2015-12-31_20260910,learned_market,2015-12-31,20260910,29,intercept,intercept,0.01139711003338635
learned_market_2015-12-31_20260911,learned_market,2015-12-31,20260911,0,decoded_00,representation,-0.17992882580682412
learned_market_2015-12-31_20260911,learned_market,2015-12-31,20260911,1,decoded_01,representation,0.08547850886077113
learned_market_2015-12-31_20260911,learned_market,2015-12-31,20260911,2,decoded_02,representation,0.02644024562214424
learned_market_2015-12-31_20260911,learned_market,2015-12-31,20260911,3,decoded_03,representation,0.06555784957755155
learned_market_2015-12-31_20260911,learned_market,2015-12-31,20260911,4,decoded_04,representation,0.2015077286772972
learned_market_2015-12-31_20260911,learned_market,2015-12-31,20260911,5,decoded_05,representation,-0.060925620155744285
learned_market_2015-12-31_20260911,learned_market,2015-12-31,20260911,6,decoded_06,representation,-0.25341804132375895
learned_market_2015-12-31_20260911,learned_market,2015-12-31,20260911,7,decoded_07,representation,-0.03325412128622632
learned_market_2015-12-31_20260911,learned_market,2015-12-31,20260911,8,decoded_08,representation,-0.18429758469787885
learned_market_2015-12-31_20260911,learned_market,2015-12-31,20260911,9,decoded_09,representation,0.08334696523366297
learned_market_2015-12-31_20260911,learned_market,2015-12-31,20260911,10,decoded_10,representation,-0.06923269956513987
learned_market_2015-12-31_20260911,learned_market,2015-12-31,20260911,11,decoded_11,representation,-0.0688315817837864
learned_market_2015-12-31_20260911,learned_market,2015-12-31,20260911,12,decoded_12,representation,0.04506987934614698
learned_market_2015-12-31_20260911,learned_market,2015-12-31,20260911,13,decoded_13,representation,-0.31110600799123295
learned_market_2015-12-31_20260911,learned_market,2015-12-31,20260911,14,decoded_14,representation,0.1363278540795966
learned_market_2015-12-31_20260911,learned_market,2015-12-31,20260911,15,decoded_15,representation,0.14233854935024443
learned_market_2015-12-31_20260911,learned_market,2015-12-31,20260911,16,decoded_16,representation,-0.14380678574941705
learned_market_2015-12-31_20260911,learned_market,2015-12-31,20260911,17,decoded_17,representation,0.29160647410832635
learned_market_2015-12-31_20260911,learned_market,2015-12-31,20260911,18,decoded_18,representation,0.005876764371864487
learned_market_2015-12-31_20260911,learned_market,2015-12-31,20260911,19,decoded_19,representation,-0.07873701904411293
learned_market_2015-12-31_20260911,learned_market,2015-12-31,20260911,20,decoded_20,representation,0.09951624616163865
learned_market_2015-12-31_20260911,learned_market,2015-12-31,20260911,21,decoded_21,representation,0.11422756625961321
learned_market_2015-12-31_20260911,learned_market,2015-12-31,20260911,22,decoded_22,representation,0.07410145375788914
learned_market_2015-12-31_20260911,learned_market,2015-12-31,20260911,23,decoded_23,representation,0.34239543367929637
learned_market_2015-12-31_20260911,learned_market,2015-12-31,20260911,24,decoded_24,representation,-0.259884299427565
learned_market_2015-12-31_20260911,learned_market,2015-12-31,20260911,25,market_trend60,market,-0.21623885344958935
learned_market_2015-12-31_20260911,learned_market,2015-12-31,20260911,26,market_volatility20,market,0.31892261980213327
learned_market_2015-12-31_20260911,learned_market,2015-12-31,20260911,27,market_range20,market,-0.013284619062451902
learned_market_2015-12-31_20260911,learned_market,2015-12-31,20260911,28,market_volume_change20,market,0.16322329507661387
learned_market_2015-12-31_20260911,learned_market,2015-12-31,20260911,29,intercept,intercept,0.019202724914704192
learned_market_2015-12-31_20260912,learned_market,2015-12-31,20260912,0,decoded_00,representation,0.10349958529676234
learned_market_2015-12-31_20260912,learned_market,2015-12-31,20260912,1,decoded_01,representation,0.024953320507349167
learned_market_2015-12-31_20260912,learned_market,2015-12-31,20260912,2,decoded_02,representation,0.18647742452221103
learned_market_2015-12-31_20260912,learned_market,2015-12-31,20260912,3,decoded_03,representation,-0.17479465251830362
learned_market_2015-12-31_20260912,learned_market,2015-12-31,20260912,4,decoded_04,representation,0.1759571790766347
learned_market_2015-12-31_20260912,learned_market,2015-12-31,20260912,5,decoded_05,representation,-0.3579827510054595
learned_market_2015-12-31_20260912,learned_market,2015-12-31,20260912,6,decoded_06,representation,0.23960335095618931
learned_market_2015-12-31_20260912,learned_market,2015-12-31,20260912,7,decoded_07,representation,-0.20461701581257594
learned_market_2015-12-31_20260912,learned_market,2015-12-31,20260912,8,decoded_08,representation,0.06072904559540771
learned_market_2015-12-31_20260912,learned_market,2015-12-31,20260912,9,decoded_09,representation,-0.04324766022475454
learned_market_2015-12-31_20260912,learned_market,2015-12-31,20260912,10,decoded_10,representation,0.0023961347816086583
learned_market_2015-12-31_20260912,learned_market,2015-12-31,20260912,11,decoded_11,representation,0.042376084886568056
learned_market_2015-12-31_20260912,learned_market,2015-12-31,20260912,12,decoded_12,representation,0.19182162214488258
learned_market_2015-12-31_20260912,learned_market,2015-12-31,20260912,13,decoded_13,representation,-0.2006502746278906
learned_market_2015-12-31_20260912,learned_market,2015-12-31,20260912,14,decoded_14,representation,0.022866724243432134
learned_market_2015-12-31_20260912,learned_market,2015-12-31,20260912,15,decoded_15,representation,-0.12497858254162605
learned_market_2015-12-31_20260912,learned_market,2015-12-31,20260912,16,decoded_16,representation,-0.06066830072153524
learned_market_2015-12-31_20260912,learned_market,2015-12-31,20260912,17,decoded_17,representation,0.46363226768388044
learned_market_2015-12-31_20260912,learned_market,2015-12-31,20260912,18,decoded_18,representation,-0.3966609213369625
learned_market_2015-12-31_20260912,learned_market,2015-12-31,20260912,19,decoded_19,representation,0.13888019781614877
learned_market_2015-12-31_20260912,learned_market,2015-12-31,20260912,20,decoded_20,representation,0.1381114797894248
learned_market_2015-12-31_20260912,learned_market,2015-12-31,20260912,21,decoded_21,representation,-0.045282945974752374
learned_market_2015-12-31_20260912,learned_market,2015-12-31,20260912,22,decoded_22,representation,-0.03770343448465143
learned_market_2015-12-31_20260912,learned_market,2015-12-31,20260912,23,decoded_23,representation,0.05444575305831586
learned_market_2015-12-31_20260912,learned_market,2015-12-31,20260912,24,decoded_24,representation,-0.10049188410869692
learned_market_2015-12-31_20260912,learned_market,2015-12-31,20260912,25,market_trend60,market,-0.2130388181477571
learned_market_2015-12-31_20260912,learned_market,2015-12-31,20260912,26,market_volatility20,market,0.18715948281272157
learned_market_2015-12-31_20260912,learned_market,2015-12-31,20260912,27,market_range20,market,0.0745945947755068
learned_market_2015-12-31_20260912,learned_market,2015-12-31,20260912,28,market_volume_change20,market,0.17893705907119017
learned_market_2015-12-31_20260912,learned_market,2015-12-31,20260912,29,intercept,intercept,0.013862245234803948
learned_market_2016-12-31_20260910,learned_market,2016-12-31,20260910,0,decoded_00,representation,0.04728459560922507
learned_market_2016-12-31_20260910,learned_market,2016-12-31,20260910,1,decoded_01,representation,-0.014540014090955946
learned_market_2016-12-31_20260910,learned_market,2016-12-31,20260910,2,decoded_02,representation,0.07241082792224406
learned_market_2016-12-31_20260910,learned_market,2016-12-31,20260910,3,decoded_03,representation,-0.024588980907401487
learned_market_2016-12-31_20260910,learned_market,2016-12-31,20260910,4,decoded_04,representation,-0.053412694556309766
learned_market_2016-12-31_20260910,learned_market,2016-12-31,20260910,5,decoded_05,representation,-0.05721790895655091
learned_market_2016-12-31_20260910,learned_market,2016-12-31,20260910,6,decoded_06,representation,-0.06576116758224491
learned_market_2016-12-31_20260910,learned_market,2016-12-31,20260910,7,decoded_07,representation,0.1838411386599501
learned_market_2016-12-31_20260910,learned_market,2016-12-31,20260910,8,decoded_08,representation,-0.21903535658598328
learned_market_2016-12-31_20260910,learned_market,2016-12-31,20260910,9,decoded_09,representation,-0.07841248817241758
learned_market_2016-12-31_20260910,learned_market,2016-12-31,20260910,10,decoded_10,representation,-0.08184016098561311
learned_market_2016-12-31_20260910,learned_market,2016-12-31,20260910,11,decoded_11,representation,-0.17231013724411345
learned_market_2016-12-31_20260910,learned_market,2016-12-31,20260910,12,decoded_12,representation,0.03894941847417553
learned_market_2016-12-31_20260910,learned_market,2016-12-31,20260910,13,decoded_13,representation,-0.1044975391067691
learned_market_2016-12-31_20260910,learned_market,2016-12-31,20260910,14,decoded_14,representation,-0.00308705316674781
learned_market_2016-12-31_20260910,learned_market,2016-12-31,20260910,15,decoded_15,representation,0.12408866694615399
learned_market_2016-12-31_20260910,learned_market,2016-12-31,20260910,16,decoded_16,representation,-0.15044540214281182
learned_market_2016-12-31_20260910,learned_market,2016-12-31,20260910,17,decoded_17,representation,0.02982854255472301
learned_market_2016-12-31_20260910,learned_market,2016-12-31,20260910,18,decoded_18,representation,0.07929782075283225
learned_market_2016-12-31_20260910,learned_market,2016-12-31,20260910,19,decoded_19,representation,0.21421402728192024
learned_market_2016-12-31_20260910,learned_market,2016-12-31,20260910,20,decoded_20,representation,0.206805541713651
learned_market_2016-12-31_20260910,learned_market,2016-12-31,20260910,21,decoded_21,representation,-0.10244458477488394
learned_market_2016-12-31_20260910,learned_market,2016-12-31,20260910,22,decoded_22,representation,-0.14878871724851023
learned_market_2016-12-31_20260910,learned_market,2016-12-31,20260910,23,decoded_23,representation,0.27594161496628494
learned_market_2016-12-31_20260910,learned_market,2016-12-31,20260910,24,decoded_24,representation,0.2755687698036694
learned_market_2016-12-31_20260910,learned_market,2016-12-31,20260910,25,market_trend60,market,-0.020461815219607046
learned_market_2016-12-31_20260910,learned_market,2016-12-31,20260910,26,market_volatility20,market,0.16478252452208636
learned_market_2016-12-31_20260910,learned_market,2016-12-31,20260910,27,market_range20,market,-0.014724802843093757
learned_market_2016-12-31_20260910,learned_market,2016-12-31,20260910,28,market_volume_change20,market,0.08024795362978164
learned_market_2016-12-31_20260910,learned_market,2016-12-31,20260910,29,intercept,intercept,0.031961301994636884
learned_market_2016-12-31_20260911,learned_market,2016-12-31,20260911,0,decoded_00,representation,0.021433614452653186
learned_market_2016-12-31_20260911,learned_market,2016-12-31,20260911,1,decoded_01,representation,0.04493982710326205
learned_market_2016-12-31_20260911,learned_market,2016-12-31,20260911,2,decoded_02,representation,0.04939273866252653
learned_market_2016-12-31_20260911,learned_market,2016-12-31,20260911,3,decoded_03,representation,0.3456134621840718
learned_market_2016-12-31_20260911,learned_market,2016-12-31,20260911,4,decoded_04,representation,0.16428284135018226
learned_market_2016-12-31_20260911,learned_market,2016-12-31,20260911,5,decoded_05,representation,0.08128627965402221
learned_market_2016-12-31_20260911,learned_market,2016-12-31,20260911,6,decoded_06,representation,0.03269018008661458
learned_market_2016-12-31_20260911,learned_market,2016-12-31,20260911,7,decoded_07,representation,-0.001739397915985907
learned_market_2016-12-31_20260911,learned_market,2016-12-31,20260911,8,decoded_08,representation,-0.2371205537199902
learned_market_2016-12-31_20260911,learned_market,2016-12-31,20260911,9,decoded_09,representation,-0.08584748117866486
learned_market_2016-12-31_20260911,learned_market,2016-12-31,20260911,10,decoded_10,representation,0.07030922564506185
learned_market_2016-12-31_20260911,learned_market,2016-12-31,20260911,11,decoded_11,representation,0.0494344366396272
learned_market_2016-12-31_20260911,learned_market,2016-12-31,20260911,12,decoded_12,representation,-0.06808765572593772
learned_market_2016-12-31_20260911,learned_market,2016-12-31,20260911,13,decoded_13,representation,-0.10783341086896803
learned_market_2016-12-31_20260911,learned_market,2016-12-31,20260911,14,decoded_14,representation,0.02491998773132785
learned_market_2016-12-31_20260911,learned_market,2016-12-31,20260911,15,decoded_15,representation,0.06029676808113952
learned_market_2016-12-31_20260911,learned_market,2016-12-31,20260911,16,decoded_16,representation,-0.10441978375977604
learned_market_2016-12-31_20260911,learned_market,2016-12-31,20260911,17,decoded_17,representation,0.02753374710053421
learned_market_2016-12-31_20260911,learned_market,2016-12-31,20260911,18,decoded_18,representation,-0.05534254842148482
learned_market_2016-12-31_20260911,learned_market,2016-12-31,20260911,19,decoded_19,representation,-0.012531040698056863
learned_market_2016-12-31_20260911,learned_market,2016-12-31,20260911,20,decoded_20,representation,0.049400206420388566
learned_market_2016-12-31_20260911,learned_market,2016-12-31,20260911,21,decoded_21,representation,0.12451291191077925
learned_market_2016-12-31_20260911,learned_market,2016-12-31,20260911,22,decoded_22,representation,-0.09581738770220055
learned_market_2016-12-31_20260911,learned_market,2016-12-31,20260911,23,decoded_23,representation,-0.13146862800170125
learned_market_2016-12-31_20260911,learned_market,2016-12-31,20260911,24,decoded_24,representation,0.05859310003335961
learned_market_2016-12-31_20260911,learned_market,2016-12-31,20260911,25,market_trend60,market,-0.10758521118023494
learned_market_2016-12-31_20260911,learned_market,2016-12-31,20260911,26,market_volatility20,market,0.15064761935451848
learned_market_2016-12-31_20260911,learned_market,2016-12-31,20260911,27,market_range20,market,0.037975296236735845
learned_market_2016-12-31_20260911,learned_market,2016-12-31,20260911,28,market_volume_change20,market,0.14309226266804012
learned_market_2016-12-31_20260911,learned_market,2016-12-31,20260911,29,intercept,intercept,0.028242628550489323
learned_market_2016-12-31_20260912,learned_market,2016-12-31,20260912,0,decoded_00,representation,-0.22815973451686547
learned_market_2016-12-31_20260912,learned_market,2016-12-31,20260912,1,decoded_01,representation,-0.16077998696703694
learned_market_2016-12-31_20260912,learned_market,2016-12-31,20260912,2,decoded_02,representation,-0.04805996016433414
learned_market_2016-12-31_20260912,learned_market,2016-12-31,20260912,3,decoded_03,representation,-0.07210200763328727
learned_market_2016-12-31_20260912,learned_market,2016-12-31,20260912,4,decoded_04,representation,0.28345545261402744
learned_market_2016-12-31_20260912,learned_market,2016-12-31,20260912,5,decoded_05,representation,0.1540419223671808
learned_market_2016-12-31_20260912,learned_market,2016-12-31,20260912,6,decoded_06,representation,0.1311985747605923
learned_market_2016-12-31_20260912,learned_market,2016-12-31,20260912,7,decoded_07,representation,0.19773608995342656
learned_market_2016-12-31_20260912,learned_market,2016-12-31,20260912,8,decoded_08,representation,0.1123842349583811
learned_market_2016-12-31_20260912,learned_market,2016-12-31,20260912,9,decoded_09,representation,-0.09493854108193511
learned_market_2016-12-31_20260912,learned_market,2016-12-31,20260912,10,decoded_10,representation,0.09183639624978979
learned_market_2016-12-31_20260912,learned_market,2016-12-31,20260912,11,decoded_11,representation,0.0076303846777972546
learned_market_2016-12-31_20260912,learned_market,2016-12-31,20260912,12,decoded_12,representation,-0.01493021759281008
learned_market_2016-12-31_20260912,learned_market,2016-12-31,20260912,13,decoded_13,representation,0.165560193690962
learned_market_2016-12-31_20260912,learned_market,2016-12-31,20260912,14,decoded_14,representation,0.08950893019359886
learned_market_2016-12-31_20260912,learned_market,2016-12-31,20260912,15,decoded_15,representation,0.08654019003981887
learned_market_2016-12-31_20260912,learned_market,2016-12-31,20260912,16,decoded_16,representation,-0.10115918087801072
learned_market_2016-12-31_20260912,learned_market,2016-12-31,20260912,17,decoded_17,representation,-0.03468095527176397
learned_market_2016-12-31_20260912,learned_market,2016-12-31,20260912,18,decoded_18,representation,-0.09122039596939094
learned_market_2016-12-31_20260912,learned_market,2016-12-31,20260912,19,decoded_19,representation,-0.06961606810091245
learned_market_2016-12-31_20260912,learned_market,2016-12-31,20260912,20,decoded_20,representation,0.006580938370375455
learned_market_2016-12-31_20260912,learned_market,2016-12-31,20260912,21,decoded_21,representation,-0.24101100325009836
learned_market_2016-12-31_20260912,learned_market,2016-12-31,20260912,22,decoded_22,representation,-0.07082974608530208
learned_market_2016-12-31_20260912,learned_market,2016-12-31,20260912,23,decoded_23,representation,-0.10571368950000204
learned_market_2016-12-31_20260912,learned_market,2016-12-31,20260912,24,decoded_24,representation,0.08992826378210732
learned_market_2016-12-31_20260912,learned_market,2016-12-31,20260912,25,market_trend60,market,-0.05309072929368178
learned_market_2016-12-31_20260912,learned_market,2016-12-31,20260912,26,market_volatility20,market,0.070203115744645
learned_market_2016-12-31_20260912,learned_market,2016-12-31,20260912,27,market_range20,market,0.05238739090917238
learned_market_2016-12-31_20260912,learned_market,2016-12-31,20260912,28,market_volume_change20,market,0.09258390839705084
learned_market_2016-12-31_20260912,learned_market,2016-12-31,20260912,29,intercept,intercept,0.027610294950379827
learned_market_2017-12-31_20260910,learned_market,2017-12-31,20260910,0,decoded_00,representation,0.2684115838542017
learned_market_2017-12-31_20260910,learned_market,2017-12-31,20260910,1,decoded_01,representation,-0.07561007782104906
learned_market_2017-12-31_20260910,learned_market,2017-12-31,20260910,2,decoded_02,representation,0.19512604841262074
learned_market_2017-12-31_20260910,learned_market,2017-12-31,20260910,3,decoded_03,representation,-0.13923516000496655
learned_market_2017-12-31_20260910,learned_market,2017-12-31,20260910,4,decoded_04,representation,-0.01975413310258153
learned_market_2017-12-31_20260910,learned_market,2017-12-31,20260910,5,decoded_05,representation,0.2901412762165146
learned_market_2017-12-31_20260910,learned_market,2017-12-31,20260910,6,decoded_06,representation,0.03691766534345976
learned_market_2017-12-31_20260910,learned_market,2017-12-31,20260910,7,decoded_07,representation,-0.13178100480924987
learned_market_2017-12-31_20260910,learned_market,2017-12-31,20260910,8,decoded_08,representation,0.11650869900156402
learned_market_2017-12-31_20260910,learned_market,2017-12-31,20260910,9,decoded_09,representation,0.06948401027609098
learned_market_2017-12-31_20260910,learned_market,2017-12-31,20260910,10,decoded_10,representation,-0.039019688559404256
learned_market_2017-12-31_20260910,learned_market,2017-12-31,20260910,11,decoded_11,representation,-0.048719436438242766
learned_market_2017-12-31_20260910,learned_market,2017-12-31,20260910,12,decoded_12,representation,-0.09869673393762726
learned_market_2017-12-31_20260910,learned_market,2017-12-31,20260910,13,decoded_13,representation,-0.06790727585211988
learned_market_2017-12-31_20260910,learned_market,2017-12-31,20260910,14,decoded_14,representation,0.21334291570147437
learned_market_2017-12-31_20260910,learned_market,2017-12-31,20260910,15,decoded_15,representation,-0.007468587131322162
learned_market_2017-12-31_20260910,learned_market,2017-12-31,20260910,16,decoded_16,representation,0.15691336432350197
learned_market_2017-12-31_20260910,learned_market,2017-12-31,20260910,17,decoded_17,representation,0.18646309691058108
learned_market_2017-12-31_20260910,learned_market,2017-12-31,20260910,18,decoded_18,representation,-0.053467926185066766
learned_market_2017-12-31_20260910,learned_market,2017-12-31,20260910,19,decoded_19,representation,0.1206576740089593
learned_market_2017-12-31_20260910,learned_market,2017-12-31,20260910,20,decoded_20,representation,0.2339150708875412
learned_market_2017-12-31_20260910,learned_market,2017-12-31,20260910,21,decoded_21,representation,0.05764546917561256
learned_market_2017-12-31_20260910,learned_market,2017-12-31,20260910,22,decoded_22,representation,0.039555795832156876
learned_market_2017-12-31_20260910,learned_market,2017-12-31,20260910,23,decoded_23,representation,0.0706244380333039
learned_market_2017-12-31_20260910,learned_market,2017-12-31,20260910,24,decoded_24,representation,0.06885184097905
learned_market_2017-12-31_20260910,learned_market,2017-12-31,20260910,25,market_trend60,market,-0.15626495079726885
learned_market_2017-12-31_20260910,learned_market,2017-12-31,20260910,26,market_volatility20,market,0.02947607152433041
learned_market_2017-12-31_20260910,learned_market,2017-12-31,20260910,27,market_range20,market,0.024232830168061808
learned_market_2017-12-31_20260910,learned_market,2017-12-31,20260910,28,market_volume_change20,market,0.05919253496835684
learned_market_2017-12-31_20260910,learned_market,2017-12-31,20260910,29,intercept,intercept,0.07920449737383697
learned_market_2017-12-31_20260911,learned_market,2017-12-31,20260911,0,decoded_00,representation,-0.13608851740737318
learned_market_2017-12-31_20260911,learned_market,2017-12-31,20260911,1,decoded_01,representation,0.1916744110628723
learned_market_2017-12-31_20260911,learned_market,2017-12-31,20260911,2,decoded_02,representation,-0.14871682374081507
learned_market_2017-12-31_20260911,learned_market,2017-12-31,20260911,3,decoded_03,representation,-0.13739784856744697
learned_market_2017-12-31_20260911,learned_market,2017-12-31,20260911,4,decoded_04,representation,0.17938264207062674
learned_market_2017-12-31_20260911,learned_market,2017-12-31,20260911,5,decoded_05,representation,0.0434393038921319
learned_market_2017-12-31_20260911,learned_market,2017-12-31,20260911,6,decoded_06,representation,-0.1285701251230372
learned_market_2017-12-31_20260911,learned_market,2017-12-31,20260911,7,decoded_07,representation,0.13219704838681764
learned_market_2017-12-31_20260911,learned_market,2017-12-31,20260911,8,decoded_08,representation,-0.13366810078212782
learned_market_2017-12-31_20260911,learned_market,2017-12-31,20260911,9,decoded_09,representation,-0.11197689882054374
learned_market_2017-12-31_20260911,learned_market,2017-12-31,20260911,10,decoded_10,representation,0.05491354244280951
learned_market_2017-12-31_20260911,learned_market,2017-12-31,20260911,11,decoded_11,representation,0.008246633581919922
learned_market_2017-12-31_20260911,learned_market,2017-12-31,20260911,12,decoded_12,representation,-0.20876484077924023
learned_market_2017-12-31_20260911,learned_market,2017-12-31,20260911,13,decoded_13,representation,-0.020753152240989003
learned_market_2017-12-31_20260911,learned_market,2017-12-31,20260911,14,decoded_14,representation,0.08541372920857153
learned_market_2017-12-31_20260911,learned_market,2017-12-31,20260911,15,decoded_15,representation,0.0571953199068328
learned_market_2017-12-31_20260911,learned_market,2017-12-31,20260911,16,decoded_16,representation,-0.12147038461301224
learned_market_2017-12-31_20260911,learned_market,2017-12-31,20260911,17,decoded_17,representation,0.16045545388531882
learned_market_2017-12-31_20260911,learned_market,2017-12-31,20260911,18,decoded_18,representation,0.1279038193753921
learned_market_2017-12-31_20260911,learned_market,2017-12-31,20260911,19,decoded_19,representation,-0.14436647001679395
learned_market_2017-12-31_20260911,learned_market,2017-12-31,20260911,20,decoded_20,representation,-0.0498432757991474
learned_market_2017-12-31_20260911,learned_market,2017-12-31,20260911,21,decoded_21,representation,0.03658381379886913
learned_market_2017-12-31_20260911,learned_market,2017-12-31,20260911,22,decoded_22,representation,-0.19111072078772612
learned_market_2017-12-31_20260911,learned_market,2017-12-31,20260911,23,decoded_23,representation,0.10506400622028934
learned_market_2017-12-31_20260911,learned_market,2017-12-31,20260911,24,decoded_24,representation,0.2388040583456297
learned_market_2017-12-31_20260911,learned_market,2017-12-31,20260911,25,market_trend60,market,0.01800979763520831
learned_market_2017-12-31_20260911,learned_market,2017-12-31,20260911,26,market_volatility20,market,0.03727359238432872
learned_market_2017-12-31_20260911,learned_market,2017-12-31,20260911,27,market_range20,market,0.03364201604810564
learned_market_2017-12-31_20260911,learned_market,2017-12-31,20260911,28,market_volume_change20,market,0.018682333521340633
learned_market_2017-12-31_20260911,learned_market,2017-12-31,20260911,29,intercept,intercept,0.08543020639831245
learned_market_2017-12-31_20260912,learned_market,2017-12-31,20260912,0,decoded_00,representation,-0.03582569297314436
learned_market_2017-12-31_20260912,learned_market,2017-12-31,20260912,1,decoded_01,representation,-0.0550837807385854
learned_market_2017-12-31_20260912,learned_market,2017-12-31,20260912,2,decoded_02,representation,-0.057882211835119914
learned_market_2017-12-31_20260912,learned_market,2017-12-31,20260912,3,decoded_03,representation,0.2749438758201021
learned_market_2017-12-31_20260912,learned_market,2017-12-31,20260912,4,decoded_04,representation,0.24213585775986296
learned_market_2017-12-31_20260912,learned_market,2017-12-31,20260912,5,decoded_05,representation,0.09771572259728435
learned_market_2017-12-31_20260912,learned_market,2017-12-31,20260912,6,decoded_06,representation,0.002837349975216289
learned_market_2017-12-31_20260912,learned_market,2017-12-31,20260912,7,decoded_07,representation,-0.19010788366806936
learned_market_2017-12-31_20260912,learned_market,2017-12-31,20260912,8,decoded_08,representation,0.0014266873463181316
learned_market_2017-12-31_20260912,learned_market,2017-12-31,20260912,9,decoded_09,representation,0.23087079222980683
learned_market_2017-12-31_20260912,learned_market,2017-12-31,20260912,10,decoded_10,representation,-0.06877886623716575
learned_market_2017-12-31_20260912,learned_market,2017-12-31,20260912,11,decoded_11,representation,-0.08615341289435696
learned_market_2017-12-31_20260912,learned_market,2017-12-31,20260912,12,decoded_12,representation,0.1601518111746705
learned_market_2017-12-31_20260912,learned_market,2017-12-31,20260912,13,decoded_13,representation,0.005607275068632763
learned_market_2017-12-31_20260912,learned_market,2017-12-31,20260912,14,decoded_14,representation,0.09009728399255203
learned_market_2017-12-31_20260912,learned_market,2017-12-31,20260912,15,decoded_15,representation,0.2144767400809905
learned_market_2017-12-31_20260912,learned_market,2017-12-31,20260912,16,decoded_16,representation,0.1697377258035336
learned_market_2017-12-31_20260912,learned_market,2017-12-31,20260912,17,decoded_17,representation,-0.2910704343126008
learned_market_2017-12-31_20260912,learned_market,2017-12-31,20260912,18,decoded_18,representation,0.13421597967696627
learned_market_2017-12-31_20260912,learned_market,2017-12-31,20260912,19,decoded_19,representation,-0.09529535561275165
learned_market_2017-12-31_20260912,learned_market,2017-12-31,20260912,20,decoded_20,representation,0.08558198554256205
learned_market_2017-12-31_20260912,learned_market,2017-12-31,20260912,21,decoded_21,representation,-0.01840731800222108
learned_market_2017-12-31_20260912,learned_market,2017-12-31,20260912,22,decoded_22,representation,0.024713358134585313
learned_market_2017-12-31_20260912,learned_market,2017-12-31,20260912,23,decoded_23,representation,-0.07589561715329729
learned_market_2017-12-31_20260912,learned_market,2017-12-31,20260912,24,decoded_24,representation,-0.09960212195431636
learned_market_2017-12-31_20260912,learned_market,2017-12-31,20260912,25,market_trend60,market,0.0017043361077124662
learned_market_2017-12-31_20260912,learned_market,2017-12-31,20260912,26,market_volatility20,market,-0.09636658174399067
learned_market_2017-12-31_20260912,learned_market,2017-12-31,20260912,27,market_range20,market,0.10363399542491435
learned_market_2017-12-31_20260912,learned_market,2017-12-31,20260912,28,market_volume_change20,market,-0.016974233519981875
learned_market_2017-12-31_20260912,learned_market,2017-12-31,20260912,29,intercept,intercept,0.09108045966595217
learned_market_2018-12-31_20260910,learned_market,2018-12-31,20260910,0,decoded_00,representation,-0.11208809343508096
learned_market_2018-12-31_20260910,learned_market,2018-12-31,20260910,1,decoded_01,representation,0.02504594411074227
learned_market_2018-12-31_20260910,learned_market,2018-12-31,20260910,2,decoded_02,representation,0.012892598704314681
learned_market_2018-12-31_20260910,learned_market,2018-12-31,20260910,3,decoded_03,representation,0.07886316027950857
learned_market_2018-12-31_20260910,learned_market,2018-12-31,20260910,4,decoded_04,representation,0.054997101760307275
learned_market_2018-12-31_20260910,learned_market,2018-12-31,20260910,5,decoded_05,representation,-0.11150854600220475
learned_market_2018-12-31_20260910,learned_market,2018-12-31,20260910,6,decoded_06,representation,0.11832504030200515
learned_market_2018-12-31_20260910,learned_market,2018-12-31,20260910,7,decoded_07,representation,-0.01912979895786673
learned_market_2018-12-31_20260910,learned_market,2018-12-31,20260910,8,decoded_08,representation,0.05059229003471859
learned_market_2018-12-31_20260910,learned_market,2018-12-31,20260910,9,decoded_09,representation,0.09326648097285892
learned_market_2018-12-31_20260910,learned_market,2018-12-31,20260910,10,decoded_10,representation,-0.0005453637145879698
learned_market_2018-12-31_20260910,learned_market,2018-12-31,20260910,11,decoded_11,representation,0.030024337164616638
learned_market_2018-12-31_20260910,learned_market,2018-12-31,20260910,12,decoded_12,representation,0.0067078532452560236
learned_market_2018-12-31_20260910,learned_market,2018-12-31,20260910,13,decoded_13,representation,0.01705637434661612
learned_market_2018-12-31_20260910,learned_market,2018-12-31,20260910,14,decoded_14,representation,0.15516472012914576
learned_market_2018-12-31_20260910,learned_market,2018-12-31,20260910,15,decoded_15,representation,-0.11790085586441088
learned_market_2018-12-31_20260910,learned_market,2018-12-31,20260910,16,decoded_16,representation,0.036616159338528693
learned_market_2018-12-31_20260910,learned_market,2018-12-31,20260910,17,decoded_17,representation,0.016689174901350957
learned_market_2018-12-31_20260910,learned_market,2018-12-31,20260910,18,decoded_18,representation,0.039035622150180416
learned_market_2018-12-31_20260910,learned_market,2018-12-31,20260910,19,decoded_19,representation,-0.05824964496686337
learned_market_2018-12-31_20260910,learned_market,2018-12-31,20260910,20,decoded_20,representation,-0.04463363864702752
learned_market_2018-12-31_20260910,learned_market,2018-12-31,20260910,21,decoded_21,representation,-0.3518900060740647
learned_market_2018-12-31_20260910,learned_market,2018-12-31,20260910,22,decoded_22,representation,-0.21724818609315408
learned_market_2018-12-31_20260910,learned_market,2018-12-31,20260910,23,decoded_23,representation,-0.048513056325887545
learned_market_2018-12-31_20260910,learned_market,2018-12-31,20260910,24,decoded_24,representation,0.23623160052524528
learned_market_2018-12-31_20260910,learned_market,2018-12-31,20260910,25,market_trend60,market,-0.13221668588802163
learned_market_2018-12-31_20260910,learned_market,2018-12-31,20260910,26,market_volatility20,market,-0.017942397329300308
learned_market_2018-12-31_20260910,learned_market,2018-12-31,20260910,27,market_range20,market,0.03511136494614651
learned_market_2018-12-31_20260910,learned_market,2018-12-31,20260910,28,market_volume_change20,market,0.007093260596740067
learned_market_2018-12-31_20260910,learned_market,2018-12-31,20260910,29,intercept,intercept,0.05107810805018057
learned_market_2018-12-31_20260911,learned_market,2018-12-31,20260911,0,decoded_00,representation,0.09998108894826453
learned_market_2018-12-31_20260911,learned_market,2018-12-31,20260911,1,decoded_01,representation,0.12997696894533328
learned_market_2018-12-31_20260911,learned_market,2018-12-31,20260911,2,decoded_02,representation,-0.03615395672627473
learned_market_2018-12-31_20260911,learned_market,2018-12-31,20260911,3,decoded_03,representation,0.016548199084296028
learned_market_2018-12-31_20260911,learned_market,2018-12-31,20260911,4,decoded_04,representation,0.08081446574756543
learned_market_2018-12-31_20260911,learned_market,2018-12-31,20260911,5,decoded_05,representation,0.021168497900261426
learned_market_2018-12-31_20260911,learned_market,2018-12-31,20260911,6,decoded_06,representation,-0.067038863440216
learned_market_2018-12-31_20260911,learned_market,2018-12-31,20260911,7,decoded_07,representation,-0.03887710157106431
learned_market_2018-12-31_20260911,learned_market,2018-12-31,20260911,8,decoded_08,representation,-0.04742665646459247
learned_market_2018-12-31_20260911,learned_market,2018-12-31,20260911,9,decoded_09,representation,0.07934062796477519
learned_market_2018-12-31_20260911,learned_market,2018-12-31,20260911,10,decoded_10,representation,-0.11049114630907475
learned_market_2018-12-31_20260911,learned_market,2018-12-31,20260911,11,decoded_11,representation,-0.06414412405792315
learned_market_2018-12-31_20260911,learned_market,2018-12-31,20260911,12,decoded_12,representation,-0.0438717694885968
learned_market_2018-12-31_20260911,learned_market,2018-12-31,20260911,13,decoded_13,representation,-0.06633122264240052
learned_market_2018-12-31_20260911,learned_market,2018-12-31,20260911,14,decoded_14,representation,0.02471870735492836
learned_market_2018-12-31_20260911,learned_market,2018-12-31,20260911,15,decoded_15,representation,0.07177171205559132
learned_market_2018-12-31_20260911,learned_market,2018-12-31,20260911,16,decoded_16,representation,0.03479020824392433
learned_market_2018-12-31_20260911,learned_market,2018-12-31,20260911,17,decoded_17,representation,0.03071891265069627
learned_market_2018-12-31_20260911,learned_market,2018-12-31,20260911,18,decoded_18,representation,-0.12251776184167283
learned_market_2018-12-31_20260911,learned_market,2018-12-31,20260911,19,decoded_19,representation,-0.09879719017214693
learned_market_2018-12-31_20260911,learned_market,2018-12-31,20260911,20,decoded_20,representation,0.10730875107209258
learned_market_2018-12-31_20260911,learned_market,2018-12-31,20260911,21,decoded_21,representation,0.20538446045409023
learned_market_2018-12-31_20260911,learned_market,2018-12-31,20260911,22,decoded_22,representation,-0.08331131208320149
learned_market_2018-12-31_20260911,learned_market,2018-12-31,20260911,23,decoded_23,representation,-0.07421121318320653
learned_market_2018-12-31_20260911,learned_market,2018-12-31,20260911,24,decoded_24,representation,0.22292749807995985
learned_market_2018-12-31_20260911,learned_market,2018-12-31,20260911,25,market_trend60,market,-0.11820756386590826
learned_market_2018-12-31_20260911,learned_market,2018-12-31,20260911,26,market_volatility20,market,-0.025253818155226797
learned_market_2018-12-31_20260911,learned_market,2018-12-31,20260911,27,market_range20,market,0.0634917753983071
learned_market_2018-12-31_20260911,learned_market,2018-12-31,20260911,28,market_volume_change20,market,0.031021858399964967
learned_market_2018-12-31_20260911,learned_market,2018-12-31,20260911,29,intercept,intercept,0.048832433417039085
learned_market_2018-12-31_20260912,learned_market,2018-12-31,20260912,0,decoded_00,representation,-0.1871830890779504
learned_market_2018-12-31_20260912,learned_market,2018-12-31,20260912,1,decoded_01,representation,0.1052107631235125
learned_market_2018-12-31_20260912,learned_market,2018-12-31,20260912,2,decoded_02,representation,-0.054894139307828986
learned_market_2018-12-31_20260912,learned_market,2018-12-31,20260912,3,decoded_03,representation,-0.06530132669855607
learned_market_2018-12-31_20260912,learned_market,2018-12-31,20260912,4,decoded_04,representation,0.19285926617875668
learned_market_2018-12-31_20260912,learned_market,2018-12-31,20260912,5,decoded_05,representation,-0.05962343917814602
learned_market_2018-12-31_20260912,learned_market,2018-12-31,20260912,6,decoded_06,representation,0.03236778908448584
learned_market_2018-12-31_20260912,learned_market,2018-12-31,20260912,7,decoded_07,representation,-0.02188620787400206
learned_market_2018-12-31_20260912,learned_market,2018-12-31,20260912,8,decoded_08,representation,0.11784138121301782
learned_market_2018-12-31_20260912,learned_market,2018-12-31,20260912,9,decoded_09,representation,-0.014112935625396446
learned_market_2018-12-31_20260912,learned_market,2018-12-31,20260912,10,decoded_10,representation,-0.0819004748542225
learned_market_2018-12-31_20260912,learned_market,2018-12-31,20260912,11,decoded_11,representation,0.22544579000757048
learned_market_2018-12-31_20260912,learned_market,2018-12-31,20260912,12,decoded_12,representation,-0.10255692730800535
learned_market_2018-12-31_20260912,learned_market,2018-12-31,20260912,13,decoded_13,representation,-0.13982385513712872
learned_market_2018-12-31_20260912,learned_market,2018-12-31,20260912,14,decoded_14,representation,-0.07904412972183363
learned_market_2018-12-31_20260912,learned_market,2018-12-31,20260912,15,decoded_15,representation,-0.2908328406053385
learned_market_2018-12-31_20260912,learned_market,2018-12-31,20260912,16,decoded_16,representation,0.11288540274253711
learned_market_2018-12-31_20260912,learned_market,2018-12-31,20260912,17,decoded_17,representation,0.2458810053430977
learned_market_2018-12-31_20260912,learned_market,2018-12-31,20260912,18,decoded_18,representation,-0.09904788972343719
learned_market_2018-12-31_20260912,learned_market,2018-12-31,20260912,19,decoded_19,representation,0.16295629276296963
learned_market_2018-12-31_20260912,learned_market,2018-12-31,20260912,20,decoded_20,representation,-0.0036464821063935506
learned_market_2018-12-31_20260912,learned_market,2018-12-31,20260912,21,decoded_21,representation,0.04127838476810745
learned_market_2018-12-31_20260912,learned_market,2018-12-31,20260912,22,decoded_22,representation,0.16345822057066992
learned_market_2018-12-31_20260912,learned_market,2018-12-31,20260912,23,decoded_23,representation,-0.14218498977788235
learned_market_2018-12-31_20260912,learned_market,2018-12-31,20260912,24,decoded_24,representation,0.14933968875142278
learned_market_2018-12-31_20260912,learned_market,2018-12-31,20260912,25,market_trend60,market,-0.08252804538056042
learned_market_2018-12-31_20260912,learned_market,2018-12-31,20260912,26,market_volatility20,market,-0.08503940863147234
learned_market_2018-12-31_20260912,learned_market,2018-12-31,20260912,27,market_range20,market,0.15109404162570908
learned_market_2018-12-31_20260912,learned_market,2018-12-31,20260912,28,market_volume_change20,market,0.054939509515453636
learned_market_2018-12-31_20260912,learned_market,2018-12-31,20260912,29,intercept,intercept,0.049958792939851476
learned_market_2019-12-31_20260910,learned_market,2019-12-31,20260910,0,decoded_00,representation,0.0031107662636103684
learned_market_2019-12-31_20260910,learned_market,2019-12-31,20260910,1,decoded_01,representation,0.20946773967965387
learned_market_2019-12-31_20260910,learned_market,2019-12-31,20260910,2,decoded_02,representation,0.063955335094944
learned_market_2019-12-31_20260910,learned_market,2019-12-31,20260910,3,decoded_03,representation,0.0006499711754302174
learned_market_2019-12-31_20260910,learned_market,2019-12-31,20260910,4,decoded_04,representation,0.06742729101304867
learned_market_2019-12-31_20260910,learned_market,2019-12-31,20260910,5,decoded_05,representation,-0.11747161353347674
learned_market_2019-12-31_20260910,learned_market,2019-12-31,20260910,6,decoded_06,representation,-0.023325520431946373
learned_market_2019-12-31_20260910,learned_market,2019-12-31,20260910,7,decoded_07,representation,0.13310832182832577
learned_market_2019-12-31_20260910,learned_market,2019-12-31,20260910,8,decoded_08,representation,0.129256858092786
learned_market_2019-12-31_20260910,learned_market,2019-12-31,20260910,9,decoded_09,representation,0.14467815527103467
learned_market_2019-12-31_20260910,learned_market,2019-12-31,20260910,10,decoded_10,representation,-0.09368777156522355
learned_market_2019-12-31_20260910,learned_market,2019-12-31,20260910,11,decoded_11,representation,0.15281049409475153
learned_market_2019-12-31_20260910,learned_market,2019-12-31,20260910,12,decoded_12,representation,0.0198905533174286
learned_market_2019-12-31_20260910,learned_market,2019-12-31,20260910,13,decoded_13,representation,0.025107556228122867
learned_market_2019-12-31_20260910,learned_market,2019-12-31,20260910,14,decoded_14,representation,0.10800212680243046
learned_market_2019-12-31_20260910,learned_market,2019-12-31,20260910,15,decoded_15,representation,0.013894263116366668
learned_market_2019-12-31_20260910,learned_market,2019-12-31,20260910,16,decoded_16,representation,-0.020522012209277456
learned_market_2019-12-31_20260910,learned_market,2019-12-31,20260910,17,decoded_17,representation,0.05704973481295844
learned_market_2019-12-31_20260910,learned_market,2019-12-31,20260910,18,decoded_18,representation,0.19939439534973424
learned_market_2019-12-31_20260910,learned_market,2019-12-31,20260910,19,decoded_19,representation,-0.02955657678376084
learned_market_2019-12-31_20260910,learned_market,2019-12-31,20260910,20,decoded_20,representation,0.14382701100552817
learned_market_2019-12-31_20260910,learned_market,2019-12-31,20260910,21,decoded_21,representation,0.18883376532591675
learned_market_2019-12-31_20260910,learned_market,2019-12-31,20260910,22,decoded_22,representation,-0.04315184768481893
learned_market_2019-12-31_20260910,learned_market,2019-12-31,20260910,23,decoded_23,representation,-0.1648160424218288
learned_market_2019-12-31_20260910,learned_market,2019-12-31,20260910,24,decoded_24,representation,0.02063482233916506
learned_market_2019-12-31_20260910,learned_market,2019-12-31,20260910,25,market_trend60,market,-0.12573106370361972
learned_market_2019-12-31_20260910,learned_market,2019-12-31,20260910,26,market_volatility20,market,-0.0359391925318851
learned_market_2019-12-31_20260910,learned_market,2019-12-31,20260910,27,market_range20,market,0.034310759823956725
learned_market_2019-12-31_20260910,learned_market,2019-12-31,20260910,28,market_volume_change20,market,0.04646608964596624
learned_market_2019-12-31_20260910,learned_market,2019-12-31,20260910,29,intercept,intercept,0.09312257987714882
learned_market_2019-12-31_20260911,learned_market,2019-12-31,20260911,0,decoded_00,representation,0.12160885600183183
learned_market_2019-12-31_20260911,learned_market,2019-12-31,20260911,1,decoded_01,representation,0.27645943487152186
learned_market_2019-12-31_20260911,learned_market,2019-12-31,20260911,2,decoded_02,representation,0.034470617190612084
learned_market_2019-12-31_20260911,learned_market,2019-12-31,20260911,3,decoded_03,representation,-0.011410387062276848
learned_market_2019-12-31_20260911,learned_market,2019-12-31,20260911,4,decoded_04,representation,0.1473545559803991
learned_market_2019-12-31_20260911,learned_market,2019-12-31,20260911,5,decoded_05,representation,-0.08543941086100888
learned_market_2019-12-31_20260911,learned_market,2019-12-31,20260911,6,decoded_06,representation,-0.027374466994827564
learned_market_2019-12-31_20260911,learned_market,2019-12-31,20260911,7,decoded_07,representation,-0.04966605291333938
learned_market_2019-12-31_20260911,learned_market,2019-12-31,20260911,8,decoded_08,representation,-0.005053701408574158
learned_market_2019-12-31_20260911,learned_market,2019-12-31,20260911,9,decoded_09,representation,0.07545079232058764
learned_market_2019-12-31_20260911,learned_market,2019-12-31,20260911,10,decoded_10,representation,-0.015059616788186849
learned_market_2019-12-31_20260911,learned_market,2019-12-31,20260911,11,decoded_11,representation,0.05236573634435827
learned_market_2019-12-31_20260911,learned_market,2019-12-31,20260911,12,decoded_12,representation,-0.09317198116371506
learned_market_2019-12-31_20260911,learned_market,2019-12-31,20260911,13,decoded_13,representation,-0.18101745140605083
learned_market_2019-12-31_20260911,learned_market,2019-12-31,20260911,14,decoded_14,representation,0.12838503360601788
learned_market_2019-12-31_20260911,learned_market,2019-12-31,20260911,15,decoded_15,representation,0.04326865948294174
learned_market_2019-12-31_20260911,learned_market,2019-12-31,20260911,16,decoded_16,representation,-0.18404437972853074
learned_market_2019-12-31_20260911,learned_market,2019-12-31,20260911,17,decoded_17,representation,0.020318477504203326
learned_market_2019-12-31_20260911,learned_market,2019-12-31,20260911,18,decoded_18,representation,-0.005515293185701875
learned_market_2019-12-31_20260911,learned_market,2019-12-31,20260911,19,decoded_19,representation,-0.057485271315583314
learned_market_2019-12-31_20260911,learned_market,2019-12-31,20260911,20,decoded_20,representation,-0.05019973639708185
learned_market_2019-12-31_20260911,learned_market,2019-12-31,20260911,21,decoded_21,representation,0.16563043285645204
learned_market_2019-12-31_20260911,learned_market,2019-12-31,20260911,22,decoded_22,representation,-0.058638992974865876
learned_market_2019-12-31_20260911,learned_market,2019-12-31,20260911,23,decoded_23,representation,-0.04992879504927437
learned_market_2019-12-31_20260911,learned_market,2019-12-31,20260911,24,decoded_24,representation,0.22371395802957558
learned_market_2019-12-31_20260911,learned_market,2019-12-31,20260911,25,market_trend60,market,-0.030824295441206375
learned_market_2019-12-31_20260911,learned_market,2019-12-31,20260911,26,market_volatility20,market,0.010075842608526965
learned_market_2019-12-31_20260911,learned_market,2019-12-31,20260911,27,market_range20,market,0.07016466621351401
learned_market_2019-12-31_20260911,learned_market,2019-12-31,20260911,28,market_volume_change20,market,-0.03078392492733702
learned_market_2019-12-31_20260911,learned_market,2019-12-31,20260911,29,intercept,intercept,0.1008084508934578
learned_market_2019-12-31_20260912,learned_market,2019-12-31,20260912,0,decoded_00,representation,0.06675303957412798
learned_market_2019-12-31_20260912,learned_market,2019-12-31,20260912,1,decoded_01,representation,0.16420450858215968
learned_market_2019-12-31_20260912,learned_market,2019-12-31,20260912,2,decoded_02,representation,0.0018609006185925797
learned_market_2019-12-31_20260912,learned_market,2019-12-31,20260912,3,decoded_03,representation,0.004449769606766158
learned_market_2019-12-31_20260912,learned_market,2019-12-31,20260912,4,decoded_04,representation,-0.012018921270672183
learned_market_2019-12-31_20260912,learned_market,2019-12-31,20260912,5,decoded_05,representation,0.03924774353071778
learned_market_2019-12-31_20260912,learned_market,2019-12-31,20260912,6,decoded_06,representation,0.021884666532624927
learned_market_2019-12-31_20260912,learned_market,2019-12-31,20260912,7,decoded_07,representation,-0.01275369084113262
learned_market_2019-12-31_20260912,learned_market,2019-12-31,20260912,8,decoded_08,representation,0.04115450150916878
learned_market_2019-12-31_20260912,learned_market,2019-12-31,20260912,9,decoded_09,representation,0.09598904578376817
learned_market_2019-12-31_20260912,learned_market,2019-12-31,20260912,10,decoded_10,representation,-0.03954573621029211
learned_market_2019-12-31_20260912,learned_market,2019-12-31,20260912,11,decoded_11,representation,0.037571234233318575
learned_market_2019-12-31_20260912,learned_market,2019-12-31,20260912,12,decoded_12,representation,0.06344374725839812
learned_market_2019-12-31_20260912,learned_market,2019-12-31,20260912,13,decoded_13,representation,0.029965647981093427
learned_market_2019-12-31_20260912,learned_market,2019-12-31,20260912,14,decoded_14,representation,0.06405216994742109
learned_market_2019-12-31_20260912,learned_market,2019-12-31,20260912,15,decoded_15,representation,0.16389132752535182
learned_market_2019-12-31_20260912,learned_market,2019-12-31,20260912,16,decoded_16,representation,0.17608447880630743
learned_market_2019-12-31_20260912,learned_market,2019-12-31,20260912,17,decoded_17,representation,-0.2038821495808549
learned_market_2019-12-31_20260912,learned_market,2019-12-31,20260912,18,decoded_18,representation,0.08929621374578123
learned_market_2019-12-31_20260912,learned_market,2019-12-31,20260912,19,decoded_19,representation,-0.24635757750213708
learned_market_2019-12-31_20260912,learned_market,2019-12-31,20260912,20,decoded_20,representation,0.14586091772410503
learned_market_2019-12-31_20260912,learned_market,2019-12-31,20260912,21,decoded_21,representation,0.03402239444303968
learned_market_2019-12-31_20260912,learned_market,2019-12-31,20260912,22,decoded_22,representation,-0.07743079467177018
learned_market_2019-12-31_20260912,learned_market,2019-12-31,20260912,23,decoded_23,representation,-0.03596422719605894
learned_market_2019-12-31_20260912,learned_market,2019-12-31,20260912,24,decoded_24,representation,0.10284674611095752
learned_market_2019-12-31_20260912,learned_market,2019-12-31,20260912,25,market_trend60,market,-0.11025760282673419
learned_market_2019-12-31_20260912,learned_market,2019-12-31,20260912,26,market_volatility20,market,-0.06989192108617485
learned_market_2019-12-31_20260912,learned_market,2019-12-31,20260912,27,market_range20,market,0.159772123568867
learned_market_2019-12-31_20260912,learned_market,2019-12-31,20260912,28,market_volume_change20,market,0.046159905836432105
learned_market_2019-12-31_20260912,learned_market,2019-12-31,20260912,29,intercept,intercept,0.09542800984806436
market4_2014-12-31_-1,market4,2014-12-31,-1,0,market_trend60,market,0.018524166288320418
market4_2014-12-31_-1,market4,2014-12-31,-1,1,market_volatility20,market,0.1371949384117257
market4_2014-12-31_-1,market4,2014-12-31,-1,2,market_range20,market,0.11007354386031544
market4_2014-12-31_-1,market4,2014-12-31,-1,3,market_volume_change20,market,0.22170232761228792
market4_2014-12-31_-1,market4,2014-12-31,-1,4,intercept,intercept,-0.03040238995596572
market4_2015-12-31_-1,market4,2015-12-31,-1,0,market_trend60,market,-0.008979216082912371
market4_2015-12-31_-1,market4,2015-12-31,-1,1,market_volatility20,market,0.1891829991582749
market4_2015-12-31_-1,market4,2015-12-31,-1,2,market_range20,market,0.09250616949424754
market4_2015-12-31_-1,market4,2015-12-31,-1,3,market_volume_change20,market,0.20485472026278934
market4_2015-12-31_-1,market4,2015-12-31,-1,4,intercept,intercept,0.015556260378804039
market4_2016-12-31_-1,market4,2016-12-31,-1,0,market_trend60,market,-0.025749854694924558
market4_2016-12-31_-1,market4,2016-12-31,-1,1,market_volatility20,market,0.03151603598162713
market4_2016-12-31_-1,market4,2016-12-31,-1,2,market_range20,market,0.14305060574549314
market4_2016-12-31_-1,market4,2016-12-31,-1,3,market_volume_change20,market,0.18180813653806546
market4_2016-12-31_-1,market4,2016-12-31,-1,4,intercept,intercept,0.028858189297799614
market4_2017-12-31_-1,market4,2017-12-31,-1,0,market_trend60,market,-0.009189289749735822
market4_2017-12-31_-1,market4,2017-12-31,-1,1,market_volatility20,market,-0.06298537748473969
market4_2017-12-31_-1,market4,2017-12-31,-1,2,market_range20,market,0.11681133526333884
market4_2017-12-31_-1,market4,2017-12-31,-1,3,market_volume_change20,market,0.0815582507411312
market4_2017-12-31_-1,market4,2017-12-31,-1,4,intercept,intercept,0.08135989524846093
market4_2018-12-31_-1,market4,2018-12-31,-1,0,market_trend60,market,0.0026634393445970736
market4_2018-12-31_-1,market4,2018-12-31,-1,1,market_volatility20,market,-0.12106994667947474
market4_2018-12-31_-1,market4,2018-12-31,-1,2,market_range20,market,0.18604861543313783
market4_2018-12-31_-1,market4,2018-12-31,-1,3,market_volume_change20,market,0.06486869400053755
market4_2018-12-31_-1,market4,2018-12-31,-1,4,intercept,intercept,0.04501673656603593
market4_2019-12-31_-1,market4,2019-12-31,-1,0,market_trend60,market,-0.0211181556713686
market4_2019-12-31_-1,market4,2019-12-31,-1,1,market_volatility20,market,-0.10562377323280504
market4_2019-12-31_-1,market4,2019-12-31,-1,2,market_range20,market,0.14774976840272752
market4_2019-12-31_-1,market4,2019-12-31,-1,3,market_volume_change20,market,0.06003767218162588
market4_2019-12-31_-1,market4,2019-12-31,-1,4,intercept,intercept,0.0861683738138311
raw_trend_2014-12-31_-1,raw_trend,2014-12-31,-1,0,close_log_change_5,representation,-0.022900054689041015
raw_trend_2014-12-31_-1,raw_trend,2014-12-31,-1,1,close_log_return_population_sd_5,representation,-0.297664706209846
raw_trend_2014-12-31_-1,raw_trend,2014-12-31,-1,2,mean_intraday_log_return_5,representation,-0.10219426973255055
raw_trend_2014-12-31_-1,raw_trend,2014-12-31,-1,3,mean_high_low_log_range_5,representation,0.28617235936614965
raw_trend_2014-12-31_-1,raw_trend,2014-12-31,-1,4,log1p_volume_change_5,representation,-0.0049585554325507
raw_trend_2014-12-31_-1,raw_trend,2014-12-31,-1,5,close_log_change_10,representation,-0.07852066313070251
raw_trend_2014-12-31_-1,raw_trend,2014-12-31,-1,6,close_log_return_population_sd_10,representation,-0.16063464174880457
raw_trend_2014-12-31_-1,raw_trend,2014-12-31,-1,7,mean_intraday_log_return_10,representation,0.13687450268739657
raw_trend_2014-12-31_-1,raw_trend,2014-12-31,-1,8,mean_high_low_log_range_10,representation,0.24996310860830143
raw_trend_2014-12-31_-1,raw_trend,2014-12-31,-1,9,log1p_volume_change_10,representation,-0.17955306533989596
raw_trend_2014-12-31_-1,raw_trend,2014-12-31,-1,10,close_log_change_20,representation,-0.08375260531135936
raw_trend_2014-12-31_-1,raw_trend,2014-12-31,-1,11,close_log_return_population_sd_20,representation,0.26824826433317067
raw_trend_2014-12-31_-1,raw_trend,2014-12-31,-1,12,mean_intraday_log_return_20,representation,0.1065066034349295
raw_trend_2014-12-31_-1,raw_trend,2014-12-31,-1,13,mean_high_low_log_range_20,representation,-0.007803692083361776
raw_trend_2014-12-31_-1,raw_trend,2014-12-31,-1,14,log1p_volume_change_20,representation,0.1642453193133829
raw_trend_2014-12-31_-1,raw_trend,2014-12-31,-1,15,close_log_change_60,representation,-0.3150926869174688
raw_trend_2014-12-31_-1,raw_trend,2014-12-31,-1,16,close_log_return_population_sd_60,representation,0.044037510695227954
raw_trend_2014-12-31_-1,raw_trend,2014-12-31,-1,17,mean_intraday_log_return_60,representation,-3.501454662832392e-05
raw_trend_2014-12-31_-1,raw_trend,2014-12-31,-1,18,mean_high_low_log_range_60,representation,-0.2506136731225999
raw_trend_2014-12-31_-1,raw_trend,2014-12-31,-1,19,log1p_volume_change_60,representation,0.008721023002140138
raw_trend_2014-12-31_-1,raw_trend,2014-12-31,-1,20,close_log_change_120,representation,-0.15025963057431696
raw_trend_2014-12-31_-1,raw_trend,2014-12-31,-1,21,close_log_return_population_sd_120,representation,-0.021935086949724274
raw_trend_2014-12-31_-1,raw_trend,2014-12-31,-1,22,mean_intraday_log_return_120,representation,-0.2291449378979794
raw_trend_2014-12-31_-1,raw_trend,2014-12-31,-1,23,mean_high_low_log_range_120,representation,0.031784929719969934
raw_trend_2014-12-31_-1,raw_trend,2014-12-31,-1,24,log1p_volume_change_120,representation,0.41257616525164337
raw_trend_2014-12-31_-1,raw_trend,2014-12-31,-1,25,market_trend60,market,0.2865089598089566
raw_trend_2014-12-31_-1,raw_trend,2014-12-31,-1,26,intercept,intercept,-0.026668562457495618
raw_trend_2015-12-31_-1,raw_trend,2015-12-31,-1,0,close_log_change_5,representation,0.011084175508136026
raw_trend_2015-12-31_-1,raw_trend,2015-12-31,-1,1,close_log_return_population_sd_5,representation,-0.2115134209705661
raw_trend_2015-12-31_-1,raw_trend,2015-12-31,-1,2,mean_intraday_log_return_5,representation,-0.09060772583054631
raw_trend_2015-12-31_-1,raw_trend,2015-12-31,-1,3,mean_high_low_log_range_5,representation,0.12093474806140736
raw_trend_2015-12-31_-1,raw_trend,2015-12-31,-1,4,log1p_volume_change_5,representation,0.004129181609779741
raw_trend_2015-12-31_-1,raw_trend,2015-12-31,-1,5,close_log_change_10,representation,-0.05348729919130586
raw_trend_2015-12-31_-1,raw_trend,2015-12-31,-1,6,close_log_return_population_sd_10,representation,-0.13359374771954544
raw_trend_2015-12-31_-1,raw_trend,2015-12-31,-1,7,mean_intraday_log_return_10,representation,-0.005453708850953351
raw_trend_2015-12-31_-1,raw_trend,2015-12-31,-1,8,mean_high_low_log_range_10,representation,0.2301150151773517
raw_trend_2015-12-31_-1,raw_trend,2015-12-31,-1,9,log1p_volume_change_10,representation,-0.08921151824204607
raw_trend_2015-12-31_-1,raw_trend,2015-12-31,-1,10,close_log_change_20,representation,-0.04972494071182222
raw_trend_2015-12-31_-1,raw_trend,2015-12-31,-1,11,close_log_return_population_sd_20,representation,0.3603746982279804
raw_trend_2015-12-31_-1,raw_trend,2015-12-31,-1,12,mean_intraday_log_return_20,representation,0.04644871571506919
raw_trend_2015-12-31_-1,raw_trend,2015-12-31,-1,13,mean_high_low_log_range_20,representation,-0.032183595314344456
raw_trend_2015-12-31_-1,raw_trend,2015-12-31,-1,14,log1p_volume_change_20,representation,0.2184524642880224
raw_trend_2015-12-31_-1,raw_trend,2015-12-31,-1,15,close_log_change_60,representation,-0.33054120763149336
raw_trend_2015-12-31_-1,raw_trend,2015-12-31,-1,16,close_log_return_population_sd_60,representation,0.04409956425109051
raw_trend_2015-12-31_-1,raw_trend,2015-12-31,-1,17,mean_intraday_log_return_60,representation,0.13240348459997228
raw_trend_2015-12-31_-1,raw_trend,2015-12-31,-1,18,mean_high_low_log_range_60,representation,-0.15586655760011597
raw_trend_2015-12-31_-1,raw_trend,2015-12-31,-1,19,log1p_volume_change_60,representation,-0.11097755726329132
raw_trend_2015-12-31_-1,raw_trend,2015-12-31,-1,20,close_log_change_120,representation,-0.09694780012821125
raw_trend_2015-12-31_-1,raw_trend,2015-12-31,-1,21,close_log_return_population_sd_120,representation,0.028281707038790137
raw_trend_2015-12-31_-1,raw_trend,2015-12-31,-1,22,mean_intraday_log_return_120,representation,-0.22285540449106206
raw_trend_2015-12-31_-1,raw_trend,2015-12-31,-1,23,mean_high_low_log_range_120,representation,0.022992804848634096
raw_trend_2015-12-31_-1,raw_trend,2015-12-31,-1,24,log1p_volume_change_120,representation,0.3339573988562034
raw_trend_2015-12-31_-1,raw_trend,2015-12-31,-1,25,market_trend60,market,0.28473125569381097
raw_trend_2015-12-31_-1,raw_trend,2015-12-31,-1,26,intercept,intercept,0.016917006938876936
raw_trend_2016-12-31_-1,raw_trend,2016-12-31,-1,0,close_log_change_5,representation,-0.05736703595487936
raw_trend_2016-12-31_-1,raw_trend,2016-12-31,-1,1,close_log_return_population_sd_5,representation,-0.23952541588271078
raw_trend_2016-12-31_-1,raw_trend,2016-12-31,-1,2,mean_intraday_log_return_5,representation,-0.05825438998899348
raw_trend_2016-12-31_-1,raw_trend,2016-12-31,-1,3,mean_high_low_log_range_5,representation,0.10203301968506771
raw_trend_2016-12-31_-1,raw_trend,2016-12-31,-1,4,log1p_volume_change_5,representation,0.013291906708778126
raw_trend_2016-12-31_-1,raw_trend,2016-12-31,-1,5,close_log_change_10,representation,-0.0012939037034767407
raw_trend_2016-12-31_-1,raw_trend,2016-12-31,-1,6,close_log_return_population_sd_10,representation,-0.16874605644328355
raw_trend_2016-12-31_-1,raw_trend,2016-12-31,-1,7,mean_intraday_log_return_10,representation,-0.037915840149541316
raw_trend_2016-12-31_-1,raw_trend,2016-12-31,-1,8,mean_high_low_log_range_10,representation,0.25797609230913043
raw_trend_2016-12-31_-1,raw_trend,2016-12-31,-1,9,log1p_volume_change_10,representation,-0.0479834040182933
raw_trend_2016-12-31_-1,raw_trend,2016-12-31,-1,10,close_log_change_20,representation,-0.07201952696819464
raw_trend_2016-12-31_-1,raw_trend,2016-12-31,-1,11,close_log_return_population_sd_20,representation,0.2698559314759263
raw_trend_2016-12-31_-1,raw_trend,2016-12-31,-1,12,mean_intraday_log_return_20,representation,0.17467140056119415
raw_trend_2016-12-31_-1,raw_trend,2016-12-31,-1,13,mean_high_low_log_range_20,representation,-0.057153516048936
raw_trend_2016-12-31_-1,raw_trend,2016-12-31,-1,14,log1p_volume_change_20,representation,0.16939164519590974
raw_trend_2016-12-31_-1,raw_trend,2016-12-31,-1,15,close_log_change_60,representation,-0.31095617883328075
raw_trend_2016-12-31_-1,raw_trend,2016-12-31,-1,16,close_log_return_population_sd_60,representation,0.14179185890591844
raw_trend_2016-12-31_-1,raw_trend,2016-12-31,-1,17,mean_intraday_log_return_60,representation,0.1079185376211407
raw_trend_2016-12-31_-1,raw_trend,2016-12-31,-1,18,mean_high_low_log_range_60,representation,-0.14318742602206333
raw_trend_2016-12-31_-1,raw_trend,2016-12-31,-1,19,log1p_volume_change_60,representation,-0.21015079966439304
raw_trend_2016-12-31_-1,raw_trend,2016-12-31,-1,20,close_log_change_120,representation,-0.0618995763356907
raw_trend_2016-12-31_-1,raw_trend,2016-12-31,-1,21,close_log_return_population_sd_120,representation,0.09886125585674573
raw_trend_2016-12-31_-1,raw_trend,2016-12-31,-1,22,mean_intraday_log_return_120,representation,-0.21876261349804269
raw_trend_2016-12-31_-1,raw_trend,2016-12-31,-1,23,mean_high_low_log_range_120,representation,-0.13485958894627495
raw_trend_2016-12-31_-1,raw_trend,2016-12-31,-1,24,log1p_volume_change_120,representation,0.328085955058456
raw_trend_2016-12-31_-1,raw_trend,2016-12-31,-1,25,market_trend60,market,0.28519276128509885
raw_trend_2016-12-31_-1,raw_trend,2016-12-31,-1,26,intercept,intercept,0.02939058639967042
raw_trend_2017-12-31_-1,raw_trend,2017-12-31,-1,0,close_log_change_5,representation,0.0016815073318113874
raw_trend_2017-12-31_-1,raw_trend,2017-12-31,-1,1,close_log_return_population_sd_5,representation,-0.2198970621732523
raw_trend_2017-12-31_-1,raw_trend,2017-12-31,-1,2,mean_intraday_log_return_5,representation,-0.09176532412759332
raw_trend_2017-12-31_-1,raw_trend,2017-12-31,-1,3,mean_high_low_log_range_5,representation,0.12411028395744762
raw_trend_2017-12-31_-1,raw_trend,2017-12-31,-1,4,log1p_volume_change_5,representation,0.05584318573948988
raw_trend_2017-12-31_-1,raw_trend,2017-12-31,-1,5,close_log_change_10,representation,0.03234548159915194
raw_trend_2017-12-31_-1,raw_trend,2017-12-31,-1,6,close_log_return_population_sd_10,representation,-0.16877213405015903
raw_trend_2017-12-31_-1,raw_trend,2017-12-31,-1,7,mean_intraday_log_return_10,representation,-0.02268284296525694
raw_trend_2017-12-31_-1,raw_trend,2017-12-31,-1,8,mean_high_low_log_range_10,representation,0.2731038152233966
raw_trend_2017-12-31_-1,raw_trend,2017-12-31,-1,9,log1p_volume_change_10,representation,-0.04191271055526001
raw_trend_2017-12-31_-1,raw_trend,2017-12-31,-1,10,close_log_change_20,representation,-0.03332628055767103
raw_trend_2017-12-31_-1,raw_trend,2017-12-31,-1,11,close_log_return_population_sd_20,representation,0.17430584389508164
raw_trend_2017-12-31_-1,raw_trend,2017-12-31,-1,12,mean_intraday_log_return_20,representation,0.16087038462882766
raw_trend_2017-12-31_-1,raw_trend,2017-12-31,-1,13,mean_high_low_log_range_20,representation,-0.050005650016581374
raw_trend_2017-12-31_-1,raw_trend,2017-12-31,-1,14,log1p_volume_change_20,representation,0.035468710654377046
raw_trend_2017-12-31_-1,raw_trend,2017-12-31,-1,15,close_log_change_60,representation,-0.25334828565487216
raw_trend_2017-12-31_-1,raw_trend,2017-12-31,-1,16,close_log_return_population_sd_60,representation,0.11492193090659947
raw_trend_2017-12-31_-1,raw_trend,2017-12-31,-1,17,mean_intraday_log_return_60,representation,0.1259302006263897
raw_trend_2017-12-31_-1,raw_trend,2017-12-31,-1,18,mean_high_low_log_range_60,representation,-0.10461523526524619
raw_trend_2017-12-31_-1,raw_trend,2017-12-31,-1,19,log1p_volume_change_60,representation,-0.22209022362722058
raw_trend_2017-12-31_-1,raw_trend,2017-12-31,-1,20,close_log_change_120,representation,-0.15142188461392478
raw_trend_2017-12-31_-1,raw_trend,2017-12-31,-1,21,close_log_return_population_sd_120,representation,-0.02945077406915871
raw_trend_2017-12-31_-1,raw_trend,2017-12-31,-1,22,mean_intraday_log_return_120,representation,-0.02140724732116106
raw_trend_2017-12-31_-1,raw_trend,2017-12-31,-1,23,mean_high_low_log_range_120,representation,-0.18428974229050807
raw_trend_2017-12-31_-1,raw_trend,2017-12-31,-1,24,log1p_volume_change_120,representation,0.1937035150274163
raw_trend_2017-12-31_-1,raw_trend,2017-12-31,-1,25,market_trend60,market,0.17892710675363216
raw_trend_2017-12-31_-1,raw_trend,2017-12-31,-1,26,intercept,intercept,0.0827376396634411
raw_trend_2018-12-31_-1,raw_trend,2018-12-31,-1,0,close_log_change_5,representation,-0.021039574068623498
raw_trend_2018-12-31_-1,raw_trend,2018-12-31,-1,1,close_log_return_population_sd_5,representation,-0.27080489272515723
raw_trend_2018-12-31_-1,raw_trend,2018-12-31,-1,2,mean_intraday_log_return_5,representation,-0.12743540283438046
raw_trend_2018-12-31_-1,raw_trend,2018-12-31,-1,3,mean_high_low_log_range_5,representation,0.1489483348199154
raw_trend_2018-12-31_-1,raw_trend,2018-12-31,-1,4,log1p_volume_change_5,representation,0.094725757366583
raw_trend_2018-12-31_-1,raw_trend,2018-12-31,-1,5,close_log_change_10,representation,0.12284275398707266
raw_trend_2018-12-31_-1,raw_trend,2018-12-31,-1,6,close_log_return_population_sd_10,representation,-0.14370813693871853
raw_trend_2018-12-31_-1,raw_trend,2018-12-31,-1,7,mean_intraday_log_return_10,representation,-0.07668658186747675
raw_trend_2018-12-31_-1,raw_trend,2018-12-31,-1,8,mean_high_low_log_range_10,representation,0.33647323837697435
raw_trend_2018-12-31_-1,raw_trend,2018-12-31,-1,9,log1p_volume_change_10,representation,-0.04710945671287157
raw_trend_2018-12-31_-1,raw_trend,2018-12-31,-1,10,close_log_change_20,representation,-0.07542236111761895
raw_trend_2018-12-31_-1,raw_trend,2018-12-31,-1,11,close_log_return_population_sd_20,representation,0.09466688444082884
raw_trend_2018-12-31_-1,raw_trend,2018-12-31,-1,12,mean_intraday_log_return_20,representation,0.15459421966403647
raw_trend_2018-12-31_-1,raw_trend,2018-12-31,-1,13,mean_high_low_log_range_20,representation,0.010838705129427834
raw_trend_2018-12-31_-1,raw_trend,2018-12-31,-1,14,log1p_volume_change_20,representation,0.037106504334924
raw_trend_2018-12-31_-1,raw_trend,2018-12-31,-1,15,close_log_change_60,representation,-0.30385848680330185
raw_trend_2018-12-31_-1,raw_trend,2018-12-31,-1,16,close_log_return_population_sd_60,representation,0.0038729502642594104
raw_trend_2018-12-31_-1,raw_trend,2018-12-31,-1,17,mean_intraday_log_return_60,representation,0.13504620419871938
raw_trend_2018-12-31_-1,raw_trend,2018-12-31,-1,18,mean_high_low_log_range_60,representation,-0.09020793758680787
raw_trend_2018-12-31_-1,raw_trend,2018-12-31,-1,19,log1p_volume_change_60,representation,-0.19878099171385868
raw_trend_2018-12-31_-1,raw_trend,2018-12-31,-1,20,close_log_change_120,representation,-0.09413849250981142
raw_trend_2018-12-31_-1,raw_trend,2018-12-31,-1,21,close_log_return_population_sd_120,representation,-0.030340855356094827
raw_trend_2018-12-31_-1,raw_trend,2018-12-31,-1,22,mean_intraday_log_return_120,representation,0.005840221800006313
raw_trend_2018-12-31_-1,raw_trend,2018-12-31,-1,23,mean_high_low_log_range_120,representation,-0.11025562492809964
raw_trend_2018-12-31_-1,raw_trend,2018-12-31,-1,24,log1p_volume_change_120,representation,0.13423875826575113
raw_trend_2018-12-31_-1,raw_trend,2018-12-31,-1,25,market_trend60,market,0.21181931883496766
raw_trend_2018-12-31_-1,raw_trend,2018-12-31,-1,26,intercept,intercept,0.0461916562040031
raw_trend_2019-12-31_-1,raw_trend,2019-12-31,-1,0,close_log_change_5,representation,-0.018101764800133858
raw_trend_2019-12-31_-1,raw_trend,2019-12-31,-1,1,close_log_return_population_sd_5,representation,-0.2109666709661323
raw_trend_2019-12-31_-1,raw_trend,2019-12-31,-1,2,mean_intraday_log_return_5,representation,-0.11800073594827895
raw_trend_2019-12-31_-1,raw_trend,2019-12-31,-1,3,mean_high_low_log_range_5,representation,0.1458905938011772
raw_trend_2019-12-31_-1,raw_trend,2019-12-31,-1,4,log1p_volume_change_5,representation,0.0617277557132499
raw_trend_2019-12-31_-1,raw_trend,2019-12-31,-1,5,close_log_change_10,representation,0.15888167620983332
raw_trend_2019-12-31_-1,raw_trend,2019-12-31,-1,6,close_log_return_population_sd_10,representation,-0.16324027624566687
raw_trend_2019-12-31_-1,raw_trend,2019-12-31,-1,7,mean_intraday_log_return_10,representation,-0.07181747286234247
raw_trend_2019-12-31_-1,raw_trend,2019-12-31,-1,8,mean_high_low_log_range_10,representation,0.30904844105608936
raw_trend_2019-12-31_-1,raw_trend,2019-12-31,-1,9,log1p_volume_change_10,representation,-0.025906031136242305
raw_trend_2019-12-31_-1,raw_trend,2019-12-31,-1,10,close_log_change_20,representation,-0.12135196632778311
raw_trend_2019-12-31_-1,raw_trend,2019-12-31,-1,11,close_log_return_population_sd_20,representation,0.059187163562720524
raw_trend_2019-12-31_-1,raw_trend,2019-12-31,-1,12,mean_intraday_log_return_20,representation,0.17063794882315084
raw_trend_2019-12-31_-1,raw_trend,2019-12-31,-1,13,mean_high_low_log_range_20,representation,-0.011325952635069494
raw_trend_2019-12-31_-1,raw_trend,2019-12-31,-1,14,log1p_volume_change_20,representation,0.027773484850098465
raw_trend_2019-12-31_-1,raw_trend,2019-12-31,-1,15,close_log_change_60,representation,-0.1937307839784308
raw_trend_2019-12-31_-1,raw_trend,2019-12-31,-1,16,close_log_return_population_sd_60,representation,0.06500719879981033
raw_trend_2019-12-31_-1,raw_trend,2019-12-31,-1,17,mean_intraday_log_return_60,representation,0.047694828006348125
raw_trend_2019-12-31_-1,raw_trend,2019-12-31,-1,18,mean_high_low_log_range_60,representation,-0.17453708815755842
raw_trend_2019-12-31_-1,raw_trend,2019-12-31,-1,19,log1p_volume_change_60,representation,-0.1689910823281931
raw_trend_2019-12-31_-1,raw_trend,2019-12-31,-1,20,close_log_change_120,representation,-0.05144780718269866
raw_trend_2019-12-31_-1,raw_trend,2019-12-31,-1,21,close_log_return_population_sd_120,representation,0.146562158757944
raw_trend_2019-12-31_-1,raw_trend,2019-12-31,-1,22,mean_intraday_log_return_120,representation,-0.02341492047118275
raw_trend_2019-12-31_-1,raw_trend,2019-12-31,-1,23,mean_high_low_log_range_120,representation,-0.1855237518203333
raw_trend_2019-12-31_-1,raw_trend,2019-12-31,-1,24,log1p_volume_change_120,representation,0.11197591079271814
raw_trend_2019-12-31_-1,raw_trend,2019-12-31,-1,25,market_trend60,market,0.16511027336235598
raw_trend_2019-12-31_-1,raw_trend,2019-12-31,-1,26,intercept,intercept,0.08745323828678055
