row_index,anchor,date,exit,joint_completed,matured,actual_return,actual_up,year
0,496,2018-08-30,501,2018-09-06,True,-0.025248868778280587,0.0,2018
1,497,2018-08-31,502,2018-09-07,True,-0.061653860226856816,0.0,2018
2,498,2018-09-03,503,2018-09-10,True,-0.14400000000000013,0.0,2018
3,499,2018-09-04,504,2018-09-11,True,-0.17234611953612833,0.0,2018
4,500,2018-09-05,505,2018-09-12,True,-0.13289962825278823,0.0,2018
5,501,2018-09-06,506,2018-09-13,True,-0.1652585646643766,0.0,2018
6,502,2018-09-07,507,2018-09-14,True,-0.14398518229674395,0.0,2018
7,503,2018-09-10,508,2018-09-17,True,-0.0978122344944774,0.0,2018
8,504,2018-09-11,509,2018-09-18,True,-0.06014227204138822,0.0,2018
9,505,2018-09-12,510,2018-09-19,True,-0.031511254019292445,0.0,2018
10,506,2018-09-13,511,2018-09-20,True,-0.01056612167723281,0.0,2018
11,507,2018-09-14,512,2018-09-21,True,0.01013551987245176,1.0,2018
12,508,2018-09-17,513,2018-09-25,True,0.053560918187169015,1.0,2018
13,509,2018-09-18,514,2018-09-26,True,0.0420871559633027,1.0,2018
14,510,2018-09-19,515,2018-09-27,True,-0.02058432934926957,0.0,2018
15,511,2018-09-20,516,2018-09-28,True,-0.0025854316546761735,0.0,2018
16,512,2018-09-21,517,2018-10-08,True,-0.09966178128523118,0.0,2018
17,513,2018-09-25,518,2018-10-09,True,-0.16815642458100555,0.0,2018
18,514,2018-09-26,519,2018-10-10,True,-0.1721140090238803,0.0,2018
19,515,2018-09-27,520,2018-10-11,True,-0.22033898305084743,0.0,2018
20,516,2018-09-28,521,2018-10-12,True,-0.1924940831736729,0.0,2018
21,517,2018-10-08,522,2018-10-15,True,-0.09754570498372162,0.0,2018
22,518,2018-10-09,523,2018-10-16,True,-0.06917394224311624,0.0,2018
23,519,2018-10-10,524,2018-10-17,True,-0.04984713545128272,0.0,2018
24,520,2018-10-11,525,2018-10-18,True,0.003478260869565153,1.0,2018
25,521,2018-10-12,526,2018-10-19,True,-0.014654570830425762,0.0,2018
26,522,2018-10-15,527,2018-10-22,True,0.05508533370334412,1.0,2018
27,523,2018-10-16,528,2018-10-23,True,0.030158730158730274,1.0,2018
28,524,2018-10-17,529,2018-10-24,True,-0.03553441522104095,0.0,2018
34,762,2019-10-10,767,2019-10-17,True,-0.05999590471640148,0.0,2019
35,763,2019-10-11,768,2019-10-18,True,-0.06515580736543902,0.0,2019
36,764,2019-10-14,769,2019-10-21,True,-0.07704359673024519,0.0,2019
37,765,2019-10-15,770,2019-10-22,True,0.021299638989169756,1.0,2019
38,766,2019-10-16,771,2019-10-23,True,0.02694828841951913,1.0,2019
39,767,2019-10-17,772,2019-10-24,True,-0.008205053732210255,0.0,2019
40,768,2019-10-18,773,2019-10-25,True,0.07727272727272738,1.0,2019
41,769,2019-10-21,774,2019-10-28,True,0.1016311166875783,1.0,2019
42,770,2019-10-22,775,2019-10-29,True,0.02156238953693901,1.0,2019
43,771,2019-10-23,776,2019-10-30,True,0.12482269503546117,1.0,2019
44,772,2019-10-24,777,2019-10-31,True,0.12694926422139252,1.0,2019
45,773,2019-10-25,778,2019-11-01,True,0.1240506329113924,1.0,2019
46,774,2019-10-28,779,2019-11-04,True,0.10625753718343844,1.0,2019
47,775,2019-10-29,780,2019-11-05,True,0.2027681660899654,1.0,2019
48,776,2019-10-30,781,2019-11-06,True,0.06885245901639347,1.0,2019
49,777,2019-10-31,782,2019-11-07,True,0.08750730851685828,1.0,2019
50,778,2019-11-01,783,2019-11-08,True,0.04473223223223233,1.0,2019
51,779,2019-11-04,784,2019-11-11,True,0.010961724806201723,1.0,2019
52,780,2019-11-05,785,2019-11-12,True,-0.05868814729574234,0.0,2019
53,781,2019-11-06,786,2019-11-13,True,0.03675082586125522,1.0,2019
54,782,2019-11-07,787,2019-11-14,True,0.08052568697729989,1.0,2019
55,783,2019-11-08,788,2019-11-15,True,0.02940295826097361,1.0,2019
56,784,2019-11-11,789,2019-11-18,True,0.03396633319355424,1.0,2019
57,785,2019-11-12,790,2019-11-19,True,0.09352078239608819,1.0,2019
58,786,2019-11-13,791,2019-11-20,True,-0.03055476529160739,0.0,2019
59,787,2019-11-14,792,2019-11-21,True,-0.06402034498009712,0.0,2019
60,788,2019-11-15,793,2019-11-22,True,-0.058173356602675974,0.0,2019
61,789,2019-11-18,794,2019-11-25,True,-0.08742757821552727,0.0,2019
62,790,2019-11-19,795,2019-11-26,True,-0.08960313024035771,0.0,2019
63,791,2019-11-20,796,2019-11-27,True,-0.02423993426458504,0.0,2019
64,792,2019-11-21,797,2019-11-28,True,-0.014825753101004313,0.0,2019
65,793,2019-11-22,798,2019-11-29,True,0.021618282890673246,1.0,2019
66,794,2019-11-25,799,2019-12-02,True,0.08945463780077456,1.0,2019
67,795,2019-11-26,800,2019-12-03,True,0.10241296739731065,1.0,2019
68,796,2019-11-27,801,2019-12-04,True,0.09293233082706776,1.0,2019
69,797,2019-11-28,802,2019-12-05,True,0.13016367887763058,1.0,2019
70,798,2019-11-29,803,2019-12-06,True,0.17321644498186228,1.0,2019
71,799,2019-12-02,804,2019-12-09,True,0.14714452214452223,1.0,2019
72,800,2019-12-03,805,2019-12-10,True,0.10893901420217222,1.0,2019
73,801,2019-12-04,806,2019-12-11,True,0.10071546505228413,1.0,2019
74,802,2019-12-05,807,2019-12-12,True,0.11405835543766596,1.0,2019
75,803,2019-12-06,808,2019-12-13,True,0.04782272610152005,1.0,2019
76,804,2019-12-09,809,2019-12-16,True,0.041351282702565495,1.0,2019
77,805,2019-12-10,810,2019-12-17,True,0.022299231580533263,1.0,2019
78,806,2019-12-11,811,2019-12-18,True,0.029849999999999932,1.0,2019
79,807,2019-12-12,812,2019-12-19,True,-0.06680952380952376,0.0,2019
80,808,2019-12-13,813,2019-12-20,True,-0.039492450695912895,0.0,2019
81,809,2019-12-16,814,2019-12-23,True,-0.1106883262598175,0.0,2019
82,810,2019-12-17,815,2019-12-24,True,-0.0401375583394743,0.0,2019
83,811,2019-12-18,816,2019-12-25,True,0.04345293003835504,1.0,2019
84,812,2019-12-19,817,2019-12-26,True,0.07327652191661982,1.0,2019
85,813,2019-12-20,818,2019-12-27,True,0.02406554019457241,1.0,2019
86,814,2019-12-23,819,2019-12-30,True,0.1375754251234229,1.0,2019
87,815,2019-12-24,820,2019-12-31,True,0.048674378134916374,1.0,2019
88,816,2019-12-25,821,2020-01-02,True,0.0214498418016007,1.0,2019
89,817,2019-12-26,822,2020-01-03,True,0.04787714543812105,1.0,2019
90,818,2019-12-27,823,2020-01-06,True,0.1299999999999999,1.0,2019
91,819,2019-12-30,824,2020-01-07,True,0.026039155174076623,1.0,2019
92,820,2019-12-31,825,2020-01-08,True,0.042022548684660155,1.0,2019
93,821,2020-01-02,826,2020-01-09,True,0.028561016717532972,1.0,2020
94,822,2020-01-03,827,2020-01-10,True,0.11161524500907438,1.0,2020
95,823,2020-01-06,828,2020-01-13,True,0.15840707964601775,1.0,2020
96,824,2020-01-07,829,2020-01-14,True,0.19367421750164504,1.0,2020
97,825,2020-01-08,830,2020-01-15,True,0.19990632318501178,1.0,2020
98,826,2020-01-09,831,2020-01-16,True,0.11691762621789192,1.0,2020
99,827,2020-01-10,832,2020-01-17,True,0.032693877551020156,1.0,2020
100,828,2020-01-13,833,2020-01-20,True,0.054239877769289624,1.0,2020
101,829,2020-01-14,834,2020-01-21,True,0.06862474900586624,1.0,2020
102,830,2020-01-15,835,2020-01-22,True,0.13045514872355368,1.0,2020
103,831,2020-01-16,836,2020-01-23,True,0.12212529738302935,1.0,2020
104,832,2020-01-17,837,2020-02-03,True,0.006679577882297227,1.0,2020
105,833,2020-01-20,838,2020-02-04,True,0.010507246376811441,1.0,2020
106,834,2020-01-21,839,2020-02-05,True,0.03710117161594573,1.0,2020
107,835,2020-01-22,840,2020-02-06,True,-0.02237569060773481,0.0,2020
108,836,2020-01-23,841,2020-02-07,True,0.0405653710247349,1.0,2020
109,837,2020-02-03,842,2020-02-10,True,0.10561444837063227,1.0,2020
110,838,2020-02-04,843,2020-02-11,True,0.014342058085335285,1.0,2020
111,839,2020-02-05,844,2020-02-12,True,0.03612916977512515,1.0,2020
112,840,2020-02-06,845,2020-02-13,True,0.12305736083639429,1.0,2020
113,841,2020-02-07,846,2020-02-14,True,0.057491170877479014,1.0,2020
114,842,2020-02-10,847,2020-02-17,True,0.12926136363636354,1.0,2020
115,843,2020-02-11,848,2020-02-18,True,0.15613290915517863,1.0,2020
116,844,2020-02-12,849,2020-02-19,True,0.16961530549269677,1.0,2020
117,845,2020-02-13,850,2020-02-20,True,0.18014844634545235,1.0,2020
118,846,2020-02-14,851,2020-02-21,True,0.2667544394849233,1.0,2020
119,847,2020-02-17,852,2020-02-24,True,0.26415094339622636,1.0,2020
120,848,2020-02-18,853,2020-02-25,True,0.30296266854190246,1.0,2020
121,849,2020-02-19,854,2020-02-26,True,0.12860199923782734,1.0,2020
122,850,2020-02-20,855,2020-02-27,True,-0.05372561560601219,0.0,2020
123,851,2020-02-21,856,2020-02-28,True,-0.07969985804096524,0.0,2020
124,852,2020-02-24,857,2020-03-02,True,-0.12353233830845767,0.0,2020
125,853,2020-02-25,858,2020-03-03,True,-0.17800825980852275,0.0,2020
126,854,2020-02-26,859,2020-03-04,True,-0.1641818181818182,0.0,2020
127,855,2020-02-27,860,2020-03-05,True,-0.08217866396305062,0.0,2020
128,856,2020-02-28,861,2020-03-06,True,-0.11337593653591893,0.0,2020
129,857,2020-03-02,862,2020-03-09,True,-0.16012942044615985,0.0,2020
130,858,2020-03-03,863,2020-03-10,True,-0.1018840993434198,0.0,2020
131,859,2020-03-04,864,2020-03-11,True,-0.08816308772802128,0.0,2020
132,860,2020-03-05,865,2020-03-12,True,-0.07885854556612448,0.0,2020
133,861,2020-03-06,866,2020-03-13,True,-0.03498198086243309,0.0,2020
134,862,2020-03-09,867,2020-03-16,True,-0.055285212219518876,0.0,2020
135,863,2020-03-10,868,2020-03-17,True,-0.10012396300181181,0.0,2020
136,864,2020-03-11,869,2020-03-18,True,-0.06761638606775289,0.0,2020
137,865,2020-03-12,870,2020-03-19,True,-0.08064623584277153,0.0,2020
138,866,2020-03-13,871,2020-03-20,True,-0.11853711930976751,0.0,2020
139,867,2020-03-16,872,2020-03-23,True,-0.11854342538274432,0.0,2020
140,868,2020-03-17,873,2020-03-24,True,-0.13775564268305596,0.0,2020
141,869,2020-03-18,874,2020-03-25,True,-0.08143870165947786,0.0,2020
142,870,2020-03-19,875,2020-03-26,True,-0.10757636146237182,0.0,2020
143,871,2020-03-20,876,2020-03-27,True,-0.08666910153396645,0.0,2020
144,872,2020-03-23,877,2020-03-30,True,0.025038552065579145,1.0,2020
145,873,2020-03-24,878,2020-03-31,True,-0.008602679120068957,0.0,2020
146,874,2020-03-25,879,2020-04-01,True,-0.0358535614803025,0.0,2020
147,875,2020-03-26,880,2020-04-02,True,0.08209500609013376,1.0,2020
148,876,2020-03-27,881,2020-04-03,True,0.030831367217179162,1.0,2020
149,877,2020-03-30,882,2020-04-07,True,0.04715151035274556,1.0,2020
150,878,2020-03-31,883,2020-04-08,True,0.11007809594644846,1.0,2020
151,879,2020-04-01,884,2020-04-09,True,0.08196788971893176,1.0,2020
152,880,2020-04-02,885,2020-04-10,True,-0.07350292660963509,0.0,2020
153,881,2020-04-03,886,2020-04-13,True,-0.08371479556210726,0.0,2020
154,882,2020-04-07,887,2020-04-14,True,-0.07251417769376178,0.0,2020
155,883,2020-04-08,888,2020-04-15,True,-0.05032570258700908,0.0,2020
156,884,2020-04-09,889,2020-04-16,True,-0.015639900820140995,0.0,2020
157,885,2020-04-10,890,2020-04-17,True,0.08937755639249989,1.0,2020
158,886,2020-04-13,891,2020-04-20,True,0.1308213378492804,1.0,2020
159,887,2020-04-14,892,2020-04-21,True,0.04769280939181475,1.0,2020
160,888,2020-04-15,893,2020-04-22,True,0.0033708305569710717,1.0,2020
161,889,2020-04-16,894,2020-04-23,True,-0.02460763417942269,0.0,2020
162,890,2020-04-17,895,2020-04-24,True,-0.08516728624535308,0.0,2020
163,891,2020-04-20,896,2020-04-27,True,-0.07899663047547745,0.0,2020
164,892,2020-04-21,897,2020-04-28,True,0.008870904987938744,1.0,2020
165,893,2020-04-22,898,2020-04-29,True,-0.01339896089690995,0.0,2020
166,894,2020-04-23,899,2020-04-30,True,0.10377433452522866,1.0,2020
167,895,2020-04-24,900,2020-05-06,True,0.2418220976065668,1.0,2020
168,896,2020-04-27,901,2020-05-07,True,0.28772357723577224,1.0,2020
169,897,2020-04-28,902,2020-05-08,True,0.1947319706903199,1.0,2020
170,898,2020-04-29,903,2020-05-11,True,0.22312321824516923,1.0,2020
171,899,2020-04-30,904,2020-05-12,True,0.09936649629256333,1.0,2020
172,900,2020-05-06,905,2020-05-13,True,0.004515706806282438,1.0,2020
173,901,2020-05-07,906,2020-05-14,True,-0.04986725663716818,0.0,2020
174,902,2020-05-08,907,2020-05-15,True,0.040676892448305635,1.0,2020
175,903,2020-05-11,908,2020-05-18,True,-0.0198747617751156,0.0,2020
176,904,2020-05-12,909,2020-05-19,True,0.018495571159759416,1.0,2020
177,905,2020-05-13,910,2020-05-20,True,-0.010684931506849349,0.0,2020
178,906,2020-05-14,911,2020-05-21,True,0.0012573930051693605,1.0,2020
179,907,2020-05-15,912,2020-05-22,True,-0.10869565217391308,0.0,2020
180,908,2020-05-18,913,2020-05-25,True,-0.07870370370370372,0.0,2020
181,909,2020-05-19,914,2020-05-26,True,-0.08548125450612831,0.0,2020
182,910,2020-05-20,915,2020-05-27,True,-0.09997230684021052,0.0,2020
183,911,2020-05-21,916,2020-05-28,True,-0.08609302325581392,0.0,2020
184,912,2020-05-22,917,2020-05-29,True,-0.056634146341463465,0.0,2020
185,913,2020-05-25,918,2020-06-01,True,0.036683417085427106,1.0,2020
186,914,2020-05-26,919,2020-06-02,True,0.02291204730229124,1.0,2020
187,915,2020-05-27,920,2020-06-03,True,0.06461538461538474,1.0,2020
188,916,2020-05-28,921,2020-06-04,True,0.046669041681510315,1.0,2020
189,917,2020-05-29,922,2020-06-05,True,0.1698122963958839,1.0,2020
190,918,2020-06-01,923,2020-06-08,True,0.08342220067862316,1.0,2020
191,919,2020-06-02,924,2020-06-09,True,0.09335260115606925,1.0,2020
192,920,2020-06-03,925,2020-06-10,True,0.1285645472061656,1.0,2020
193,921,2020-06-04,926,2020-06-11,True,0.10813964796265685,1.0,2020
194,922,2020-06-05,927,2020-06-12,True,0.01679706493391686,1.0,2020
195,923,2020-06-08,928,2020-06-15,True,-0.03713480381190992,0.0,2020
196,924,2020-06-09,929,2020-06-16,True,-0.04167768085293855,0.0,2020
197,925,2020-06-10,930,2020-06-17,True,-0.08148021682530204,0.0,2020
198,926,2020-06-11,931,2020-06-18,True,-0.028916191311978978,0.0,2020
199,927,2020-06-12,932,2020-06-19,True,-0.01621527626831276,0.0,2020
200,928,2020-06-15,933,2020-06-22,True,0.09869429859207268,1.0,2020
201,929,2020-06-16,934,2020-06-23,True,0.09084222140492826,1.0,2020
202,930,2020-06-17,935,2020-06-24,True,0.13415427509293676,1.0,2020
203,931,2020-06-18,936,2020-06-29,True,0.05634630156793641,1.0,2020
204,932,2020-06-19,937,2020-06-30,True,0.042465753424657526,1.0,2020
205,933,2020-06-22,938,2020-07-01,True,0.0028335800380632215,1.0,2020
206,934,2020-06-23,939,2020-07-02,True,0.00450944032366829,1.0,2020
207,935,2020-06-24,940,2020-07-03,True,-0.03957880935797098,0.0,2020
208,936,2020-06-29,941,2020-07-06,True,0.10296004790828994,1.0,2020
209,937,2020-06-30,942,2020-07-07,True,0.12805730999109843,1.0,2020
210,938,2020-07-01,943,2020-07-08,True,0.13233805668016174,1.0,2020
211,939,2020-07-02,944,2020-07-09,True,0.1617788965806588,1.0,2020
212,940,2020-07-03,945,2020-07-10,True,0.16803890619000894,1.0,2020
213,941,2020-07-06,946,2020-07-13,True,0.06263331394221439,1.0,2020
214,942,2020-07-07,947,2020-07-14,True,0.08560048098602113,1.0,2020
215,943,2020-07-08,948,2020-07-15,True,0.005586592178770999,1.0,2020
216,944,2020-07-09,949,2020-07-16,True,-0.12245856054313697,0.0,2020
217,945,2020-07-10,950,2020-07-17,True,-0.1493791088385683,0.0,2020
218,946,2020-07-13,951,2020-07-20,True,-0.12339416058394159,0.0,2020
219,947,2020-07-14,952,2020-07-21,True,-0.1647628937348563,0.0,2020
220,948,2020-07-15,953,2020-07-22,True,-0.1017407407407408,0.0,2020
221,949,2020-07-16,954,2020-07-23,True,-0.012798353909465043,0.0,2020
222,950,2020-07-17,955,2020-07-24,True,-0.031386861313868586,0.0,2020
223,951,2020-07-20,956,2020-07-27,True,-0.06457387901244838,0.0,2020
224,952,2020-07-21,957,2020-07-28,True,-0.06750932449233338,0.0,2020
225,953,2020-07-22,958,2020-07-29,True,-0.035335834742093675,0.0,2020
226,954,2020-07-23,959,2020-07-30,True,-0.042644545416649304,0.0,2020
227,955,2020-07-24,960,2020-07-31,True,0.026197969768163354,1.0,2020
228,956,2020-07-27,961,2020-08-03,True,0.03502759480149531,1.0,2020
229,957,2020-07-28,962,2020-08-04,True,0.03950935513977161,1.0,2020
230,958,2020-07-29,963,2020-08-05,True,0.010001709693964855,1.0,2020
231,959,2020-07-30,964,2020-08-06,True,0.0021335887834188494,1.0,2020
232,960,2020-07-31,965,2020-08-07,True,-0.04583153347732194,0.0,2020
233,961,2020-08-03,966,2020-08-10,True,-0.062395183831434164,0.0,2020
234,962,2020-08-04,967,2020-08-11,True,-0.07798204360837968,0.0,2020
235,963,2020-08-05,968,2020-08-12,True,-0.10495133305120607,0.0,2020
236,964,2020-08-06,969,2020-08-13,True,-0.08481425157505984,0.0,2020
237,965,2020-08-07,970,2020-08-14,True,-0.03979356240662768,0.0,2020
238,966,2020-08-10,971,2020-08-17,True,-0.013988259035039308,0.0,2020
239,967,2020-08-11,972,2020-08-18,True,-0.0077900398775850865,0.0,2020
240,968,2020-08-12,973,2020-08-19,True,-0.021985815602836967,0.0,2020
241,969,2020-08-13,974,2020-08-20,True,-0.022456440203199812,0.0,2020
242,970,2020-08-14,975,2020-08-21,True,-0.02970297029702962,0.0,2020
243,971,2020-08-17,976,2020-08-24,True,-0.042327550118610224,0.0,2020
244,972,2020-08-18,977,2020-08-25,True,-0.038227871763716115,0.0,2020
245,973,2020-08-19,978,2020-08-26,True,-0.07532028039642247,0.0,2020
246,974,2020-08-20,979,2020-08-27,True,-0.06318601262748924,0.0,2020
247,975,2020-08-21,980,2020-08-28,True,-0.0431486880466474,0.0,2020
248,976,2020-08-24,981,2020-08-31,True,-0.030890281218126203,0.0,2020
249,977,2020-08-25,982,2020-09-01,True,-0.029008746355685178,0.0,2020
250,978,2020-08-26,983,2020-09-02,True,0.029539394573116384,1.0,2020
251,979,2020-08-27,984,2020-09-03,True,0.049665612525273684,1.0,2020
252,980,2020-08-28,985,2020-09-04,True,0.03625837903717266,1.0,2020
253,981,2020-08-31,986,2020-09-07,True,-0.07026512303914201,0.0,2020
254,982,2020-09-01,987,2020-09-08,True,-0.070309763298804,0.0,2020
255,983,2020-09-02,988,2020-09-09,True,-0.10623603493804579,0.0,2020
256,984,2020-09-03,989,2020-09-10,True,-0.13814392255642804,0.0,2020
257,985,2020-09-04,990,2020-09-11,True,-0.12329706948936592,0.0,2020
258,986,2020-09-07,991,2020-09-14,True,-0.040321276481052215,0.0,2020
259,987,2020-09-08,992,2020-09-15,True,-0.02842071267090107,0.0,2020
260,988,2020-09-09,993,2020-09-16,True,0.01579545454545439,1.0,2020
261,989,2020-09-10,994,2020-09-17,True,0.035816618911174825,1.0,2020
262,990,2020-09-11,995,2020-09-18,True,0.021799888205701556,1.0,2020
263,991,2020-09-14,996,2020-09-21,True,0.007245969780373951,1.0,2020
264,992,2020-09-15,997,2020-09-22,True,-0.01939058171745156,0.0,2020
265,993,2020-09-16,998,2020-09-23,True,0.02192638997650742,1.0,2020
266,994,2020-09-17,999,2020-09-24,True,-0.0019363762102352355,0.0,2020
267,995,2020-09-18,1000,2020-09-25,True,-0.023522975929978096,0.0,2020
268,996,2020-09-21,1001,2020-09-28,True,-0.029667633281284744,0.0,2020
269,997,2020-09-22,1002,2020-09-29,True,-0.015536723163841804,0.0,2020
270,998,2020-09-23,1003,2020-09-30,True,-0.05249042145593852,0.0,2020
271,999,2020-09-24,1004,2020-10-09,True,-0.0032150776053214702,0.0,2020
272,1000,2020-09-25,1005,2020-10-12,True,0.050252100840336045,1.0,2020
273,1001,2020-09-28,1006,2020-10-13,True,0.0687356321839081,1.0,2020
274,1002,2020-09-29,1007,2020-10-14,True,0.0573314203730273,1.0,2020
275,1003,2020-09-30,1008,2020-10-15,True,0.07197735543873818,1.0,2020
276,1004,2020-10-09,1009,2020-10-16,True,0.020631742853965074,1.0,2020
277,1005,2020-10-12,1010,2020-10-19,True,-0.03296527444391106,0.0,2020
278,1006,2020-10-13,1011,2020-10-20,True,-0.02285437728543771,0.0,2020
279,1007,2020-10-14,1012,2020-10-21,True,-0.03576856274424667,0.0,2020
280,1008,2020-10-15,1013,2020-10-22,True,-0.028291210863825023,0.0,2020
281,1009,2020-10-16,1014,2020-10-23,True,-0.035362066147223814,0.0,2020
282,1010,2020-10-19,1015,2020-10-26,True,-0.034806111754647207,0.0,2020
283,1011,2020-10-20,1016,2020-10-27,True,-0.022398327004567786,0.0,2020
284,1012,2020-10-21,1017,2020-10-28,True,0.01970166056853362,1.0,2020
285,1013,2020-10-22,1018,2020-10-29,True,-0.018411712511091305,0.0,2020
286,1014,2020-10-23,1019,2020-10-30,True,0.09975146859466788,1.0,2020
287,1015,2020-10-26,1020,2020-11-02,True,0.1749914275917248,1.0,2020
288,1016,2020-10-27,1021,2020-11-03,True,0.1444494483224501,1.0,2020
289,1017,2020-10-28,1022,2020-11-04,True,0.13165884626000546,1.0,2020
290,1018,2020-10-29,1023,2020-11-05,True,0.1683615819209041,1.0,2020
291,1019,2020-10-30,1024,2020-11-06,True,0.08967642526964559,1.0,2020
292,1020,2020-11-02,1025,2020-11-09,True,0.09479571984435808,1.0,2020
293,1021,2020-11-03,1026,2020-11-10,True,0.06463354648302988,1.0,2020
294,1022,2020-11-04,1027,2020-11-11,True,-0.01458536585365866,0.0,2020
295,1023,2020-11-05,1028,2020-11-12,True,-0.01644100580270802,0.0,2020
296,1024,2020-11-06,1029,2020-11-13,True,-0.023614253393665074,0.0,2020
297,1025,2020-11-09,1030,2020-11-16,True,-0.10924519081256379,0.0,2020
298,1026,2020-11-10,1031,2020-11-17,True,-0.008316392533727623,0.0,2020
299,1027,2020-11-11,1032,2020-11-18,True,0.043512697391218325,1.0,2020
300,1028,2020-11-12,1033,2020-11-19,True,0.04228121927236961,1.0,2020
301,1029,2020-11-13,1034,2020-11-20,True,0.0021723388848660097,1.0,2020
302,1030,2020-11-16,1035,2020-11-23,True,0.050423940149626034,1.0,2020
303,1031,2020-11-17,1036,2020-11-24,True,-0.018822213939619692,0.0,2020
304,1032,2020-11-18,1037,2020-11-25,True,-0.02371916508538885,0.0,2020
305,1033,2020-11-19,1038,2020-11-26,True,-0.04830188679245284,0.0,2020
306,1034,2020-11-20,1039,2020-11-27,True,-0.019315992292870954,0.0,2020
307,1035,2020-11-23,1040,2020-11-30,True,-0.01908741275343062,0.0,2020
308,1036,2020-11-24,1041,2020-12-01,True,-0.01676163342830017,0.0,2020
309,1037,2020-11-25,1042,2020-12-02,True,0.04514091350826033,1.0,2020
310,1038,2020-11-26,1043,2020-12-03,True,0.05561062648691517,1.0,2020
311,1039,2020-11-27,1044,2020-12-04,True,0.06341175892725559,1.0,2020
312,1040,2020-11-30,1045,2020-12-07,True,0.03586814463429988,1.0,2020
313,1041,2020-12-01,1046,2020-12-08,True,0.03105230115419899,1.0,2020
314,1042,2020-12-02,1047,2020-12-09,True,-0.03640336603282357,0.0,2020
315,1043,2020-12-03,1048,2020-12-10,True,-0.014461451779509749,0.0,2020
316,1044,2020-12-04,1049,2020-12-11,True,-0.07390300230946878,0.0,2020
317,1045,2020-12-07,1050,2020-12-14,True,-0.03929906542056072,0.0,2020
318,1046,2020-12-08,1051,2020-12-15,True,-0.04028103044496478,0.0,2020
319,1047,2020-12-09,1052,2020-12-16,True,-0.020505645083470192,0.0,2020
320,1048,2020-12-10,1053,2020-12-17,True,-0.021867555979037667,0.0,2020
321,1049,2020-12-11,1054,2020-12-18,True,0.006982543640897676,1.0,2020
322,1050,2020-12-14,1055,2020-12-21,True,-0.026265868962498162,0.0,2020
323,1051,2020-12-15,1056,2020-12-22,True,-0.05563689604685229,0.0,2020
324,1052,2020-12-16,1057,2020-12-23,True,-0.0419683759420717,0.0,2020
325,1053,2020-12-17,1058,2020-12-24,True,-0.0794408455506308,0.0,2020
326,1054,2020-12-18,1059,2020-12-25,True,-0.09296681525507677,0.0,2020
327,1055,2020-12-21,1060,2020-12-28,True,-0.07962435686098213,0.0,2020
328,1056,2020-12-22,1061,2020-12-29,True,0.0016020671834626743,1.0,2020
329,1057,2020-12-23,1062,2020-12-30,True,0.0037534063447992594,1.0,2020
330,1058,2020-12-24,1063,2020-12-31,True,0.04497354497354511,1.0,2020
331,1059,2020-12-25,1064,2021-01-04,True,0.08458472123628025,1.0,2020
332,1060,2020-12-28,1065,2021-01-05,True,0.133785617367707,1.0,2020
333,1061,2020-12-29,1066,2021-01-06,True,0.05113255249987092,1.0,2020
334,1062,2020-12-30,1067,2021-01-07,True,0.027302530478434672,1.0,2020
335,1063,2020-12-31,1068,2021-01-08,True,0.02562025316455685,1.0,2020
336,1064,2021-01-04,1069,2021-01-11,True,0.028043500151042178,1.0,2021
337,1065,2021-01-05,1070,2021-01-12,True,-0.013212063188128287,0.0,2021
338,1066,2021-01-06,1071,2021-01-13,True,0.05600824661299808,1.0,2021
339,1067,2021-01-07,1072,2021-01-14,True,0.09409124906507094,1.0,2021
340,1068,2021-01-08,1073,2021-01-15,True,0.06042654028436023,1.0,2021
341,1069,2021-01-11,1074,2021-01-18,True,0.10010284538909842,1.0,2021
342,1070,2021-01-12,1075,2021-01-19,True,0.09149121955952255,1.0,2021
343,1071,2021-01-13,1076,2021-01-20,True,0.04820341189048505,1.0,2021
344,1072,2021-01-14,1077,2021-01-21,True,-0.0062437334791722865,0.0,2021
345,1073,2021-01-15,1078,2021-01-22,True,-0.023836126629422805,0.0,2021
346,1074,2021-01-18,1079,2021-01-25,True,-0.10043182121711258,0.0,2021
347,1075,2021-01-19,1080,2021-01-26,True,-0.13017777777777773,0.0,2021
348,1076,2021-01-20,1081,2021-01-27,True,-0.15441241685144125,0.0,2021
349,1077,2021-01-21,1082,2021-01-28,True,-0.14560880531988085,0.0,2021
350,1078,2021-01-22,1083,2021-01-29,True,-0.1320106829454406,0.0,2021
351,1079,2021-01-25,1084,2021-02-01,True,-0.0876428960261294,0.0,2021
352,1080,2021-01-26,1085,2021-02-02,True,-0.031475141791426076,0.0,2021
353,1081,2021-01-27,1086,2021-02-03,True,-0.04552129221732737,0.0,2021
354,1082,2021-01-28,1087,2021-02-04,True,-0.0017713365539453463,0.0,2021
355,1083,2021-01-29,1088,2021-02-05,True,-0.0346153846153846,0.0,2021
356,1084,2021-02-01,1089,2021-02-08,True,-0.028693859839444724,0.0,2021
357,1085,2021-02-02,1090,2021-02-09,True,-0.0310735953574256,0.0,2021
358,1086,2021-02-03,1091,2021-02-10,True,0.009999999999999787,1.0,2021
359,1087,2021-02-04,1092,2021-02-18,True,0.0166693552723558,1.0,2021
360,1088,2021-02-05,1093,2021-02-19,True,0.1150256118383608,1.0,2021
361,1089,2021-02-08,1094,2021-02-22,True,0.04986876640419968,1.0,2021
362,1090,2021-02-09,1095,2021-02-23,True,-0.0025046281171730023,0.0,2021
363,1091,2021-02-10,1096,2021-02-24,True,0.057175497769557326,1.0,2021
364,1092,2021-02-18,1097,2021-02-25,True,0.038821600465436035,1.0,2021
365,1093,2021-02-19,1098,2021-02-26,True,-0.01740595171252113,0.0,2021
366,1094,2021-02-22,1099,2021-03-01,True,0.0787234042553191,1.0,2021
367,1095,2021-02-23,1100,2021-03-02,True,0.11713973799126642,1.0,2021
368,1096,2021-02-24,1101,2021-03-03,True,0.024031286986054612,1.0,2021
369,1097,2021-02-25,1102,2021-03-04,True,-0.012219337100962346,0.0,2021
370,1098,2021-02-26,1103,2021-03-05,True,0.011844155844155768,1.0,2021
371,1099,2021-03-01,1104,2021-03-08,True,-0.10749506903353057,0.0,2021
372,1100,2021-03-02,1105,2021-03-09,True,-0.15264340858008418,0.0,2021
373,1101,2021-03-03,1106,2021-03-10,True,-0.14040201005025132,0.0,2021
374,1102,2021-03-04,1107,2021-03-11,True,-0.10447915055924939,0.0,2021
375,1103,2021-03-05,1108,2021-03-12,True,-0.13235445117568534,0.0,2021
376,1104,2021-03-08,1109,2021-03-15,True,-0.15265193370165742,0.0,2021
377,1105,2021-03-09,1110,2021-03-16,True,-0.10321762195825146,0.0,2021
378,1106,2021-03-10,1111,2021-03-17,True,-0.01274406640944703,0.0,2021
379,1107,2021-03-11,1112,2021-03-18,True,-0.03994474502129619,0.0,2021
380,1108,2021-03-12,1113,2021-03-19,True,0.00591715976331364,1.0,2021
381,1109,2021-03-15,1114,2021-03-22,True,0.1053009063050141,1.0,2021
382,1110,2021-03-16,1115,2021-03-23,True,0.08153292181069949,1.0,2021
383,1111,2021-03-17,1116,2021-03-24,True,-0.0113690194220748,0.0,2021
384,1112,2021-03-18,1117,2021-03-25,True,0.01762589928057534,1.0,2021
385,1113,2021-03-19,1118,2021-03-26,True,0.005470588235294116,1.0,2021
386,1114,2021-03-22,1119,2021-03-29,True,0.016694195375176912,1.0,2021
387,1115,2021-03-23,1120,2021-03-30,True,0.005410225921522294,1.0,2021
388,1116,2021-03-24,1121,2021-03-31,True,0.023478677527551506,1.0,2021
389,1117,2021-03-25,1122,2021-04-01,True,0.031165311653116534,1.0,2021
390,1118,2021-03-26,1123,2021-04-02,True,0.06774703094834145,1.0,2021
391,1119,2021-03-29,1124,2021-04-06,True,0.0446765303162171,1.0,2021
392,1120,2021-03-30,1125,2021-04-07,True,0.07752350541067932,1.0,2021
393,1121,2021-03-31,1126,2021-04-08,True,0.06624531835205971,1.0,2021
394,1122,2021-04-01,1127,2021-04-09,True,0.039821744843741014,1.0,2021
395,1123,2021-04-02,1128,2021-04-12,True,0.007616021039942966,1.0,2021
396,1124,2021-04-06,1129,2021-04-13,True,0.0013885031935574332,1.0,2021
397,1125,2021-04-07,1130,2021-04-14,True,0.0026890571836242216,1.0,2021
398,1126,2021-04-08,1131,2021-04-15,True,-0.006037321624588254,0.0,2021
399,1127,2021-04-09,1132,2021-04-16,True,-0.04395604395604402,0.0,2021
400,1128,2021-04-12,1133,2021-04-19,True,-0.07232191408374133,0.0,2021
401,1129,2021-04-13,1134,2021-04-20,True,-0.04714364947310046,0.0,2021
402,1130,2021-04-14,1135,2021-04-21,True,-0.06759345410760209,0.0,2021
403,1131,2021-04-15,1136,2021-04-22,True,-0.05742683600220877,0.0,2021
404,1132,2021-04-16,1137,2021-04-23,True,0.0061494252873561805,1.0,2021
405,1133,2021-04-19,1138,2021-04-26,True,0.07883939038687005,1.0,2021
406,1134,2021-04-20,1139,2021-04-27,True,0.0825960419091969,1.0,2021
407,1135,2021-04-21,1140,2021-04-28,True,0.14915473115754851,1.0,2021
408,1136,2021-04-22,1141,2021-04-29,True,0.13532513181019334,1.0,2021
409,1137,2021-04-23,1142,2021-04-30,True,0.10372993659678986,1.0,2021
410,1138,2021-04-26,1143,2021-05-06,True,0.018092909535452062,1.0,2021
411,1139,2021-04-27,1144,2021-05-07,True,-0.04322813054465313,0.0,2021
412,1140,2021-04-28,1145,2021-05-10,True,-0.1343923992440108,0.0,2021
413,1141,2021-04-29,1146,2021-05-11,True,-0.14318885448916407,0.0,2021
414,1142,2021-04-30,1147,2021-05-12,True,-0.12016767582673493,0.0,2021
415,1143,2021-05-06,1148,2021-05-13,True,-0.10662824207492783,0.0,2021
416,1144,2021-05-07,1149,2021-05-14,True,-0.034054509693734136,0.0,2021
417,1145,2021-05-10,1150,2021-05-17,True,0.02738109288327606,1.0,2021
418,1146,2021-05-11,1151,2021-05-18,True,0.04161397169527259,1.0,2021
419,1147,2021-05-12,1152,2021-05-19,True,0.030527616022586912,1.0,2021
420,1148,2021-05-13,1153,2021-05-20,True,0.039187574671445624,1.0,2021
421,1149,2021-05-14,1154,2021-05-21,True,-0.004712316016056928,0.0,2021
422,1150,2021-05-17,1155,2021-05-24,True,-0.03407237219988524,0.0,2021
423,1151,2021-05-18,1156,2021-05-25,True,0.05833718778908392,1.0,2021
424,1152,2021-05-19,1157,2021-05-26,True,0.03881278538812771,1.0,2021
425,1153,2021-05-20,1158,2021-05-27,True,0.08066222120027566,1.0,2021
426,1154,2021-05-21,1159,2021-05-28,True,0.09605911330049266,1.0,2021
427,1155,2021-05-24,1160,2021-05-31,True,0.1298864016037422,1.0,2021
428,1156,2021-05-25,1161,2021-06-01,True,0.043958573072497176,1.0,2021
429,1157,2021-05-26,1162,2021-06-02,True,0.0673611111111112,1.0,2021
430,1158,2021-05-27,1163,2021-06-03,True,0.030773827308037127,1.0,2021
431,1159,2021-05-28,1164,2021-06-04,True,0.06831460674157297,1.0,2021
432,1160,2021-05-31,1165,2021-06-07,True,0.06372440304576021,1.0,2021
433,1161,2021-06-01,1166,2021-06-08,True,0.030202821869488528,1.0,2021
434,1162,2021-06-02,1167,2021-06-09,True,0.017060652063904946,1.0,2021
435,1163,2021-06-03,1168,2021-06-10,True,0.026086956521739202,1.0,2021
436,1164,2021-06-04,1169,2021-06-11,True,-0.0113588557004628,0.0,2021
437,1165,2021-06-07,1170,2021-06-15,True,-0.041837514768225614,0.0,2021
438,1166,2021-06-08,1171,2021-06-16,True,-0.03509522790498609,0.0,2021
439,1167,2021-06-09,1172,2021-06-17,True,0.057644466557680074,1.0,2021
440,1168,2021-06-10,1173,2021-06-18,True,0.11581920903954801,1.0,2021
441,1169,2021-06-11,1174,2021-06-21,True,0.1268085106382979,1.0,2021
442,1170,2021-06-15,1175,2021-06-22,True,0.19866540944367883,1.0,2021
443,1171,2021-06-16,1176,2021-06-23,True,0.2800325275375175,1.0,2021
444,1172,2021-06-17,1177,2021-06-24,True,0.16223118279569881,1.0,2021
445,1173,2021-06-18,1178,2021-06-25,True,0.08227848101265822,1.0,2021
446,1174,2021-06-21,1179,2021-06-28,True,0.12399295065458205,1.0,2021
447,1175,2021-06-22,1180,2021-06-29,True,0.05742466416555736,1.0,2021
448,1176,2021-06-23,1181,2021-06-30,True,0.08518625469246333,1.0,2021
449,1177,2021-06-24,1182,2021-07-01,True,0.067884815542963,1.0,2021
450,1178,2021-06-25,1183,2021-07-02,True,0.042631578947368354,1.0,2021
451,1179,2021-06-28,1184,2021-07-05,True,0.07111658640385254,1.0,2021
452,1180,2021-06-29,1185,2021-07-06,True,0.023175965665236165,1.0,2021
453,1181,2021-06-30,1186,2021-07-07,True,-0.026609898882384297,0.0,2021
454,1182,2021-07-01,1187,2021-07-08,True,0.03525016244314494,1.0,2021
455,1183,2021-07-02,1188,2021-07-09,True,0.060070671378091856,1.0,2021
456,1184,2021-07-05,1189,2021-07-12,True,0.0037641154328733606,1.0,2021
457,1185,2021-07-06,1190,2021-07-13,True,-0.0006152125279642595,0.0,2021
458,1186,2021-07-07,1191,2021-07-14,True,-0.04373974849644613,0.0,2021
459,1187,2021-07-08,1192,2021-07-15,True,-0.09079972801924785,0.0,2021
460,1188,2021-07-09,1193,2021-07-16,True,-0.11349206349206342,0.0,2021
461,1189,2021-07-12,1194,2021-07-19,True,-0.10843749999999996,0.0,2021
462,1190,2021-07-13,1195,2021-07-20,True,-0.032962113156863815,0.0,2021
463,1191,2021-07-14,1196,2021-07-21,True,0.05225843339050873,1.0,2021
464,1192,2021-07-15,1197,2021-07-22,True,0.09123856641546335,1.0,2021
465,1193,2021-07-16,1198,2021-07-23,True,0.16985974336019072,1.0,2021
466,1194,2021-07-19,1199,2021-07-26,True,0.1716322000233672,1.0,2021
467,1195,2021-07-20,1200,2021-07-27,True,0.1899305555555555,1.0,2021
468,1196,2021-07-21,1201,2021-07-28,True,0.0969897848293848,1.0,2021
469,1197,2021-07-22,1202,2021-07-29,True,0.13295376667193848,1.0,2021
470,1198,2021-07-23,1203,2021-07-30,True,0.1736646089485232,1.0,2021
471,1199,2021-07-26,1204,2021-08-02,True,0.0969285999202234,1.0,2021
472,1200,2021-07-27,1205,2021-08-03,True,-0.03705865188211255,0.0,2021
473,1201,2021-07-28,1206,2021-08-04,True,-0.0026747238595274947,0.0,2021
474,1202,2021-07-29,1207,2021-08-05,True,-0.07607835838257881,0.0,2021
475,1203,2021-07-30,1208,2021-08-06,True,-0.1480113018908934,0.0,2021
476,1204,2021-08-02,1209,2021-08-09,True,-0.13754545454545442,0.0,2021
477,1205,2021-08-03,1210,2021-08-10,True,-0.07631313131313144,0.0,2021
478,1206,2021-08-04,1211,2021-08-11,True,-0.07618574621306173,0.0,2021
479,1207,2021-08-05,1212,2021-08-12,True,-0.05182312651087817,0.0,2021
480,1208,2021-08-06,1213,2021-08-13,True,-0.12035714285714283,0.0,2021
481,1209,2021-08-09,1214,2021-08-16,True,-0.08032043849478243,0.0,2021
482,1210,2021-08-10,1215,2021-08-17,True,-0.10481710317677284,0.0,2021
483,1211,2021-08-11,1216,2021-08-18,True,-0.10327401752593945,0.0,2021
484,1212,2021-08-12,1217,2021-08-19,True,-0.112869814627928,0.0,2021
485,1213,2021-08-13,1218,2021-08-20,True,-0.025056551244127312,0.0,2021
486,1214,2021-08-16,1219,2021-08-23,True,-0.05014326647564471,0.0,2021
487,1215,2021-08-17,1220,2021-08-24,True,0.09076472025409243,1.0,2021
488,1216,2021-08-18,1221,2021-08-25,True,0.027278177458033515,1.0,2021
489,1217,2021-08-19,1222,2021-08-26,True,0.005867560771165126,1.0,2021
490,1218,2021-08-20,1223,2021-08-27,True,0.044083526682134444,1.0,2021
491,1219,2021-08-23,1224,2021-08-30,True,0.026003016591251926,1.0,2021
492,1220,2021-08-24,1225,2021-08-31,True,-0.14296113786538245,0.0,2021
493,1221,2021-08-25,1226,2021-09-01,True,-0.10329734461628237,0.0,2021
494,1222,2021-08-26,1227,2021-09-02,True,-0.12803571428571425,0.0,2021
495,1223,2021-08-27,1228,2021-09-03,True,-0.15743589743589748,0.0,2021
496,1224,2021-08-30,1229,2021-09-06,True,-0.10290485710925557,0.0,2021
497,1225,2021-08-31,1230,2021-09-07,True,0.019274746814766264,1.0,2021
498,1226,2021-09-01,1231,2021-09-08,True,0.01529450048812242,1.0,2021
499,1227,2021-09-02,1232,2021-09-09,True,0.05297289917400505,1.0,2021
500,1228,2021-09-03,1233,2021-09-10,True,0.08135524447149511,1.0,2021
501,1229,2021-09-06,1234,2021-09-13,True,0.017960146827477708,1.0,2021
502,1230,2021-09-07,1235,2021-09-14,True,-0.008717948717948842,0.0,2021
503,1231,2021-09-08,1236,2021-09-15,True,-0.028525641025641035,0.0,2021
504,1232,2021-09-09,1237,2021-09-16,True,-0.04116693679092387,0.0,2021
505,1233,2021-09-10,1238,2021-09-17,True,-0.05409631019387118,0.0,2021
506,1234,2021-09-13,1239,2021-09-22,True,-0.03869929169349662,0.0,2021
507,1235,2021-09-14,1240,2021-09-23,True,-0.026060527677185585,0.0,2021
508,1236,2021-09-15,1241,2021-09-24,True,-0.008907951171230666,0.0,2021
509,1237,2021-09-16,1242,2021-09-27,True,-0.018323191345503753,0.0,2021
510,1238,2021-09-17,1243,2021-09-28,True,0.010975206611570254,1.0,2021
511,1239,2021-09-22,1244,2021-09-29,True,-0.015071337664947393,0.0,2021
512,1240,2021-09-23,1245,2021-09-30,True,-0.037314919328065965,0.0,2021
513,1241,2021-09-24,1246,2021-10-08,True,-0.0033288948069241098,0.0,2021
514,1242,2021-09-27,1247,2021-10-11,True,0.014877057648598369,1.0,2021
515,1243,2021-09-28,1248,2021-10-12,True,-0.07036819043882014,0.0,2021
516,1244,2021-09-29,1249,2021-10-13,True,-0.012105549510337377,0.0,2021
517,1245,2021-09-30,1250,2021-10-14,True,0.007793640940754409,1.0,2021
518,1246,2021-10-08,1251,2021-10-15,True,0.03901135604542416,1.0,2021
519,1247,2021-10-11,1252,2021-10-18,True,0.013301662707838391,1.0,2021
520,1248,2021-10-12,1253,2021-10-19,True,0.04431938093563126,1.0,2021
521,1249,2021-10-13,1254,2021-10-20,True,0.010877048051769256,1.0,2021
522,1250,2021-10-14,1255,2021-10-21,True,0.0039009033670955873,1.0,2021
523,1251,2021-10-15,1256,2021-10-22,True,-0.007329304359007249,0.0,2021
524,1252,2021-10-18,1257,2021-10-25,True,0.022034692920768872,1.0,2021
525,1253,2021-10-19,1258,2021-10-26,True,0.06439878747052874,1.0,2021
526,1254,2021-10-20,1259,2021-10-27,True,0.07300463089076548,1.0,2021
527,1255,2021-10-21,1260,2021-10-28,True,0.12004908310041595,1.0,2021
528,1256,2021-10-22,1261,2021-10-29,True,0.09786269430051808,1.0,2021
529,1257,2021-10-25,1262,2021-11-01,True,0.12116644823066847,1.0,2021
530,1258,2021-10-26,1263,2021-11-02,True,0.08853870008227349,1.0,2021
531,1259,2021-10-27,1264,2021-11-03,True,0.07133790302107124,1.0,2021
532,1260,2021-10-28,1265,2021-11-04,True,0.016433353621424063,1.0,2021
533,1261,2021-10-29,1266,2021-11-05,True,-0.01297858533419849,0.0,2021
534,1262,2021-11-01,1267,2021-11-08,True,-0.05318838038459284,0.0,2021
535,1263,2021-11-02,1268,2021-11-09,True,-0.044767441860464996,0.0,2021
536,1264,2021-11-03,1269,2021-11-10,True,-0.01540284360189581,0.0,2021
537,1265,2021-11-04,1270,2021-11-11,True,-0.014610778443113759,0.0,2021
538,1266,2021-11-05,1271,2021-11-12,True,-0.027135257904488563,0.0,2021
539,1267,2021-11-08,1272,2021-11-15,True,0.029569726526328832,1.0,2021
540,1268,2021-11-09,1273,2021-11-16,True,-0.006816798539257429,0.0,2021
541,1269,2021-11-10,1274,2021-11-17,True,-0.025752105896510225,0.0,2021
542,1270,2021-11-11,1275,2021-11-18,True,-0.03627856101118121,0.0,2021
543,1271,2021-11-12,1276,2021-11-19,True,-0.021318424771149536,0.0,2021
544,1272,2021-11-15,1277,2021-11-22,True,-0.00791461805971938,0.0,2021
545,1273,2021-11-16,1278,2021-11-23,True,-0.006250766025248322,0.0,2021
546,1274,2021-11-17,1279,2021-11-24,True,-0.03643774703557301,0.0,2021
547,1275,2021-11-18,1280,2021-11-25,True,-0.014250583265023042,0.0,2021
548,1276,2021-11-19,1281,2021-11-26,True,-0.04588826114249844,0.0,2021
549,1277,2021-11-22,1282,2021-11-29,True,-0.0920464160522182,0.0,2021
550,1278,2021-11-23,1283,2021-11-30,True,-0.07128761716822896,0.0,2021
551,1279,2021-11-24,1284,2021-12-01,True,0.06178695039097537,1.0,2021
552,1280,2021-11-25,1285,2021-12-02,True,0.08609991684257645,1.0,2021
553,1281,2021-11-26,1286,2021-12-03,True,0.16119481544838488,1.0,2021
554,1282,2021-11-29,1287,2021-12-06,True,0.14903814151634176,1.0,2021
555,1283,2021-11-30,1288,2021-12-07,True,0.1354581673306774,1.0,2021
556,1284,2021-12-01,1289,2021-12-08,True,0.08988289267173744,1.0,2021
557,1285,2021-12-02,1290,2021-12-09,True,0.06078096472112615,1.0,2021
558,1286,2021-12-03,1291,2021-12-10,True,-0.009122329877046864,0.0,2021
559,1287,2021-12-06,1292,2021-12-13,True,0.010311667245973766,1.0,2021
560,1288,2021-12-07,1293,2021-12-14,True,0.00906432748538033,1.0,2021
561,1289,2021-12-08,1294,2021-12-15,True,-0.05582941013569653,0.0,2021
562,1290,2021-12-09,1295,2021-12-16,True,-0.05102437399367077,0.0,2021
563,1291,2021-12-10,1296,2021-12-17,True,-0.04425892040256185,0.0,2021
564,1292,2021-12-13,1297,2021-12-20,True,-0.06261467889908268,0.0,2021
565,1293,2021-12-14,1298,2021-12-21,True,-0.036627064618951155,0.0,2021
566,1294,2021-12-15,1299,2021-12-22,True,0.003578342230304621,1.0,2021
567,1295,2021-12-16,1300,2021-12-23,True,0.003451907325064285,1.0,2021
568,1296,2021-12-17,1301,2021-12-24,True,0.04038530573172183,1.0,2021
569,1297,2021-12-20,1302,2021-12-27,True,0.02581355517494499,1.0,2021
570,1298,2021-12-21,1303,2021-12-28,True,0.028815496601094948,1.0,2021
571,1299,2021-12-22,1304,2021-12-29,True,-0.03553892915595058,0.0,2021
572,1300,2021-12-23,1305,2021-12-30,True,0.028919596524983993,1.0,2021
573,1301,2021-12-24,1306,2021-12-31,True,0.011271493472885252,1.0,2021
574,1302,2021-12-27,1307,2022-01-04,True,0.04877757901013724,1.0,2021
575,1303,2021-12-28,1308,2022-01-05,True,-0.07437726581686344,0.0,2021
576,1304,2021-12-29,1309,2022-01-06,True,-0.012363636363636243,0.0,2021
577,1305,2021-12-30,1310,2022-01-07,True,-0.11033036776789262,0.0,2021
578,1306,2021-12-31,1311,2022-01-10,True,-0.1100369633210122,0.0,2021
579,1307,2022-01-04,1312,2022-01-11,True,-0.13469410962019557,0.0,2022
580,1308,2022-01-05,1313,2022-01-12,True,-0.02103600758054336,0.0,2022
581,1309,2022-01-06,1314,2022-01-13,True,-0.0479872361315663,0.0,2022
582,1310,2022-01-07,1315,2022-01-14,True,0.002547770700637164,1.0,2022
583,1311,2022-01-10,1316,2022-01-17,True,0.03329073482428124,1.0,2022
584,1312,2022-01-11,1317,2022-01-18,True,0.060319337670017736,1.0,2022
585,1313,2022-01-12,1318,2022-01-19,True,0.018906885203587853,1.0,2022
586,1314,2022-01-13,1319,2022-01-20,True,0.02359159468866845,1.0,2022
587,1315,2022-01-14,1320,2022-01-21,True,-0.027954256670902344,0.0,2022
588,1316,2022-01-17,1321,2022-01-24,True,-0.03840207779358118,0.0,2022
589,1317,2022-01-18,1322,2022-01-25,True,-0.08031232571109881,0.0,2022
590,1318,2022-01-19,1323,2022-01-26,True,-0.050538315389487054,0.0,2022
591,1319,2022-01-20,1324,2022-01-27,True,-0.07676322418136017,0.0,2022
592,1320,2022-01-21,1325,2022-01-28,True,-0.09084967320261439,0.0,2022
593,1321,2022-01-24,1326,2022-02-07,True,-0.07504823151125395,0.0,2022
594,1322,2022-01-25,1327,2022-02-08,True,-0.05019877366754244,0.0,2022
595,1323,2022-01-26,1328,2022-02-09,True,-0.04435699039487706,0.0,2022
596,1324,2022-01-27,1329,2022-02-10,True,-0.010708682900211652,0.0,2022
597,1325,2022-01-28,1330,2022-02-11,True,0.01581595974119354,1.0,2022
598,1326,2022-02-07,1331,2022-02-14,True,-0.029826878954321123,0.0,2022
599,1327,2022-02-08,1332,2022-02-15,True,0.03085981838819496,1.0,2022
600,1328,2022-02-09,1333,2022-02-16,True,0.017658965589446574,1.0,2022
601,1329,2022-02-10,1334,2022-02-17,True,0.029440154440154354,1.0,2022
602,1330,2022-02-11,1335,2022-02-18,True,0.03319179051663146,1.0,2022
603,1331,2022-02-14,1336,2022-02-21,True,0.034828722946825375,1.0,2022
604,1332,2022-02-15,1337,2022-02-22,True,0.005987199779781349,1.0,2022
605,1333,2022-02-16,1338,2022-02-23,True,0.05555555555555536,1.0,2022
606,1334,2022-02-17,1339,2022-02-24,True,0.01620788962561104,1.0,2022
607,1335,2022-02-18,1340,2022-02-25,True,0.059661620658948866,1.0,2022
608,1336,2022-02-21,1341,2022-02-28,True,0.06170360110803319,1.0,2022
609,1337,2022-02-22,1342,2022-03-01,True,0.047612532494184956,1.0,2022
610,1338,2022-02-23,1343,2022-03-02,True,-0.022092267706302682,0.0,2022
611,1339,2022-02-24,1344,2022-03-03,True,-0.022474131681275877,0.0,2022
612,1340,2022-02-25,1345,2022-03-04,True,0.00045248868778302587,1.0,2022
613,1341,2022-02-28,1346,2022-03-07,True,-0.021590241993346693,0.0,2022
614,1342,2022-03-01,1347,2022-03-08,True,-0.016586130338252514,0.0,2022
615,1343,2022-03-02,1348,2022-03-09,True,0.025182724252491573,1.0,2022
616,1344,2022-03-03,1349,2022-03-10,True,0.07355717367853298,1.0,2022
617,1345,2022-03-04,1350,2022-03-11,True,0.019706661497706168,1.0,2022
618,1346,2022-03-07,1351,2022-03-14,True,0.028866666666666818,1.0,2022
619,1347,2022-03-08,1352,2022-03-15,True,-0.02490039840637459,0.0,2022
620,1348,2022-03-09,1353,2022-03-16,True,0.040378508004407454,1.0,2022
621,1349,2022-03-10,1354,2022-03-17,True,0.022420398166174804,1.0,2022
622,1350,2022-03-11,1355,2022-03-18,True,0.02357115701432022,1.0,2022
623,1351,2022-03-14,1356,2022-03-21,True,0.031879738223287823,1.0,2022
624,1352,2022-03-15,1357,2022-03-22,True,0.08804902962206351,1.0,2022
625,1353,2022-03-16,1358,2022-03-23,True,-0.0163219536506356,0.0,2022
626,1354,2022-03-17,1359,2022-03-24,True,-0.0515356265356266,0.0,2022
627,1355,2022-03-18,1360,2022-03-25,True,-0.05268045066237459,0.0,2022
628,1356,2022-03-21,1361,2022-03-28,True,-0.059215070643642065,0.0,2022
629,1357,2022-03-22,1362,2022-03-29,True,-0.11209162598573041,0.0,2022
630,1358,2022-03-23,1363,2022-03-30,True,-0.07162761241291948,0.0,2022
631,1359,2022-03-24,1364,2022-03-31,True,-0.08665241888478714,0.0,2022
632,1360,2022-03-25,1365,2022-04-01,True,-0.08227145004247538,0.0,2022
633,1361,2022-03-28,1366,2022-04-06,True,-0.10025363769857165,0.0,2022
634,1362,2022-03-29,1367,2022-04-07,True,-0.0626630013392544,0.0,2022
635,1363,2022-03-30,1368,2022-04-08,True,-0.08336175728221573,0.0,2022
636,1364,2022-03-31,1369,2022-04-11,True,-0.12373253917606197,0.0,2022
637,1365,2022-04-01,1370,2022-04-12,True,-0.09505838792366839,0.0,2022
638,1366,2022-04-06,1371,2022-04-13,True,-0.08531157270029666,0.0,2022
639,1367,2022-04-07,1372,2022-04-14,True,-0.017897428184689312,0.0,2022
640,1368,2022-04-08,1373,2022-04-15,True,-0.014661010642256556,0.0,2022
641,1369,2022-04-11,1374,2022-04-18,True,0.13125101149053253,1.0,2022
642,1370,2022-04-12,1375,2022-04-19,True,0.06436383665119205,1.0,2022
643,1371,2022-04-13,1376,2022-04-20,True,0.08272506082725051,1.0,2022
644,1372,2022-04-14,1377,2022-04-21,True,0.016232771822358494,1.0,2022
645,1373,2022-04-15,1378,2022-04-22,True,-0.01812688821752262,0.0,2022
646,1374,2022-04-18,1379,2022-04-25,True,-0.12017167381974247,0.0,2022
647,1375,2022-04-19,1380,2022-04-26,True,-0.1427515339690989,0.0,2022
648,1376,2022-04-20,1381,2022-04-27,True,-0.06367041198501866,0.0,2022
649,1377,2022-04-21,1382,2022-04-28,True,-0.10669077757685352,0.0,2022
650,1378,2022-04-22,1383,2022-04-29,True,-0.03992307692307684,0.0,2022
651,1379,2022-04-25,1384,2022-05-05,True,0.016016260162601492,1.0,2022
652,1380,2022-04-26,1385,2022-05-06,True,0.028803035529493037,1.0,2022
653,1381,2022-04-27,1386,2022-05-09,True,-0.06296000000000024,0.0,2022
654,1382,2022-04-28,1387,2022-05-10,True,0.0323886639676112,1.0,2022
655,1383,2022-04-29,1388,2022-05-11,True,0.03637529044147092,1.0,2022
656,1384,2022-05-05,1389,2022-05-12,True,0.029046971273105404,1.0,2022
657,1385,2022-05-06,1390,2022-05-13,True,0.05959765297569164,1.0,2022
658,1386,2022-05-09,1391,2022-05-16,True,0.06548279689234193,1.0,2022
659,1387,2022-05-10,1392,2022-05-17,True,0.05980392156862746,1.0,2022
660,1388,2022-05-11,1393,2022-05-18,True,0.04244298415152703,1.0,2022
661,1389,2022-05-12,1394,2022-05-19,True,0.07006220839813393,1.0,2022
662,1390,2022-05-13,1395,2022-05-20,True,0.12530654220393944,1.0,2022
663,1391,2022-05-16,1396,2022-05-23,True,0.1882211538461538,1.0,2022
664,1392,2022-05-17,1397,2022-05-24,True,0.08965464076472407,1.0,2022
665,1393,2022-05-18,1398,2022-05-25,True,0.0470928507861168,1.0,2022
666,1394,2022-05-19,1399,2022-05-26,True,0.015914541094397272,1.0,2022
667,1395,2022-05-20,1400,2022-05-27,True,-0.023128295254832953,0.0,2022
668,1396,2022-05-23,1401,2022-05-30,True,-0.04241688583181602,0.0,2022
669,1397,2022-05-24,1402,2022-05-31,True,0.01620091970286519,1.0,2022
670,1398,2022-05-25,1403,2022-06-01,True,0.018839861179970274,1.0,2022
671,1399,2022-05-26,1404,2022-06-02,True,0.044921316165951186,1.0,2022
672,1400,2022-05-27,1405,2022-06-06,True,0.04353770869314877,1.0,2022
673,1401,2022-05-30,1406,2022-06-07,True,-0.007605633802816758,0.0,2022
674,1402,2022-05-31,1407,2022-06-08,True,2.220446049250313e-16,1.0,2022
675,1403,2022-06-01,1408,2022-06-09,True,-0.04240528328119575,0.0,2022
676,1404,2022-06-02,1409,2022-06-10,True,-0.05730244104261484,0.0,2022
677,1405,2022-06-06,1410,2022-06-13,True,-0.07127474817644996,0.0,2022
678,1406,2022-06-07,1411,2022-06-14,True,-0.059559559559559605,0.0,2022
679,1407,2022-06-08,1412,2022-06-15,True,-0.08402300462898027,0.0,2022
680,1408,2022-06-09,1413,2022-06-16,True,-0.040529665666837356,0.0,2022
681,1409,2022-06-10,1414,2022-06-17,True,-0.04037744129910037,0.0,2022
682,1410,2022-06-13,1415,2022-06-20,True,-0.0025431969481637395,0.0,2022
683,1411,2022-06-14,1416,2022-06-21,True,-0.00859119592488411,0.0,2022
684,1412,2022-06-15,1417,2022-06-22,True,-0.030551301684532906,0.0,2022
685,1413,2022-06-16,1418,2022-06-23,True,-0.022340831109416648,0.0,2022
686,1414,2022-06-17,1419,2022-06-24,True,0.006174251086210836,1.0,2022
687,1415,2022-06-20,1420,2022-06-27,True,0.00022497187851522327,1.0,2022
688,1416,2022-06-21,1421,2022-06-28,True,0.07346625766871151,1.0,2022
689,1417,2022-06-22,1422,2022-06-29,True,0.07921965089645355,1.0,2022
690,1418,2022-06-23,1423,2022-06-30,True,0.10910934331617539,1.0,2022
691,1419,2022-06-24,1424,2022-07-01,True,0.05189393939393949,1.0,2022
692,1420,2022-06-27,1425,2022-07-04,True,-0.023916629179787097,0.0,2022
693,1421,2022-06-28,1426,2022-07-05,True,-0.06722388912701815,0.0,2022
694,1422,2022-06-29,1427,2022-07-06,True,-0.03922716627634659,0.0,2022
695,1423,2022-06-30,1428,2022-07-07,True,-0.09078123901272772,0.0,2022
696,1424,2022-07-01,1429,2022-07-08,True,-0.025711199135758034,0.0,2022
697,1425,2022-07-04,1430,2022-07-11,True,-0.0092172977955296,0.0,2022
698,1426,2022-07-05,1431,2022-07-12,True,-0.03500038293635599,0.0,2022
699,1427,2022-07-06,1432,2022-07-13,True,-0.05134064594759291,0.0,2022
700,1428,2022-07-07,1433,2022-07-14,True,-0.02451662799690646,0.0,2022
701,1429,2022-07-08,1434,2022-07-15,True,-0.06638083973979891,0.0,2022
702,1430,2022-07-11,1435,2022-07-18,True,-0.04705791146600524,0.0,2022
703,1431,2022-07-12,1436,2022-07-19,True,-0.03198412698412689,0.0,2022
704,1432,2022-07-13,1437,2022-07-20,True,0.0013650232856912137,1.0,2022
705,1433,2022-07-14,1438,2022-07-21,True,0.004360580353603538,1.0,2022
706,1434,2022-07-15,1439,2022-07-22,True,-0.024623911322248615,0.0,2022
707,1435,2022-07-18,1440,2022-07-25,True,-0.018630003254148986,0.0,2022
708,1436,2022-07-19,1441,2022-07-26,True,-0.0036894318274985904,0.0,2022
709,1437,2022-07-20,1442,2022-07-27,True,-0.0488332932403176,0.0,2022
710,1438,2022-07-21,1443,2022-07-28,True,-0.05786233028102317,0.0,2022
711,1439,2022-07-22,1444,2022-07-29,True,-0.03993830668073706,0.0,2022
712,1440,2022-07-25,1445,2022-08-01,True,-0.011191245958716789,0.0,2022
713,1441,2022-07-26,1446,2022-08-02,True,-0.03151744568795267,0.0,2022
714,1442,2022-07-27,1447,2022-08-03,True,0.03060192210419821,1.0,2022
715,1443,2022-07-28,1448,2022-08-04,True,0.0438206954335989,1.0,2022
716,1444,2022-07-29,1449,2022-08-05,True,0.09985626109748891,1.0,2022
717,1445,2022-08-01,1450,2022-08-08,True,0.07075788061703547,1.0,2022
718,1446,2022-08-02,1451,2022-08-09,True,0.09440054380151253,1.0,2022
719,1447,2022-08-03,1452,2022-08-10,True,0.030265848670756768,1.0,2022
720,1448,2022-08-04,1453,2022-08-11,True,0.0312249157168083,1.0,2022
721,1449,2022-08-05,1454,2022-08-12,True,-0.02598400984009852,0.0,2022
722,1450,2022-08-08,1455,2022-08-15,True,-0.022940808017538172,0.0,2022
723,1451,2022-08-09,1456,2022-08-16,True,-0.0411490683229816,0.0,2022
724,1452,2022-08-10,1457,2022-08-17,True,-0.021437078205637117,0.0,2022
725,1453,2022-08-11,1458,2022-08-18,True,-0.0373628084377674,0.0,2022
726,1454,2022-08-12,1459,2022-08-19,True,-0.05840568271507496,0.0,2022
727,1455,2022-08-15,1460,2022-08-22,True,-0.0411090632262201,0.0,2022
728,1456,2022-08-16,1461,2022-08-23,True,-0.042834008097165976,0.0,2022
729,1457,2022-08-17,1462,2022-08-24,True,-0.06718052738336722,0.0,2022
730,1458,2022-08-18,1463,2022-08-25,True,-0.07536185008490348,0.0,2022
731,1459,2022-08-19,1464,2022-08-26,True,-0.03688181056160944,0.0,2022
732,1460,2022-08-22,1465,2022-08-29,True,-0.04320574962393453,0.0,2022
733,1461,2022-08-23,1466,2022-08-30,True,-0.048134675577362285,0.0,2022
734,1462,2022-08-24,1467,2022-08-31,True,0.008697921196834102,1.0,2022
735,1463,2022-08-25,1468,2022-09-01,True,-0.012243113248797455,0.0,2022
736,1464,2022-08-26,1469,2022-09-02,True,-0.01436031331592691,0.0,2022
737,1465,2022-08-29,1470,2022-09-05,True,-0.028561446414533953,0.0,2022
738,1466,2022-08-30,1471,2022-09-06,True,0.0016885886953430518,1.0,2022
739,1467,2022-08-31,1472,2022-09-07,True,0.005691127015607478,1.0,2022
740,1468,2022-09-01,1473,2022-09-08,True,0.020805666223992825,1.0,2022
741,1469,2022-09-02,1474,2022-09-09,True,0.014746136865342097,1.0,2022
742,1470,2022-09-05,1475,2022-09-13,True,0.026703830246358473,1.0,2022
743,1471,2022-09-06,1476,2022-09-14,True,-0.002572974891313917,0.0,2022
744,1472,2022-09-07,1477,2022-09-15,True,-0.06885021006602088,0.0,2022
745,1473,2022-09-08,1478,2022-09-16,True,-0.0788378143972247,0.0,2022
746,1474,2022-09-09,1479,2022-09-19,True,-0.0902366863905324,0.0,2022
747,1475,2022-09-13,1480,2022-09-20,True,-0.0766266748401786,0.0,2022
748,1476,2022-09-14,1481,2022-09-21,True,-0.09001956947162437,0.0,2022
749,1477,2022-09-15,1482,2022-09-22,True,-0.06942909760589311,0.0,2022
750,1478,2022-09-16,1483,2022-09-23,True,-0.07504001506449476,0.0,2022
751,1479,2022-09-19,1484,2022-09-26,True,-0.05930176948828325,0.0,2022
752,1480,2022-09-20,1485,2022-09-27,True,-0.05244688922610019,0.0,2022
753,1481,2022-09-21,1486,2022-09-28,True,-0.04789833822091871,0.0,2022
754,1482,2022-09-22,1487,2022-09-29,True,-0.04769443894715997,0.0,2022
755,1483,2022-09-23,1488,2022-09-30,True,-0.045704397394136786,0.0,2022
756,1484,2022-09-26,1489,2022-10-10,True,-0.13065582104728002,0.0,2022
757,1485,2022-09-27,1490,2022-10-11,True,-0.16544890401361223,0.0,2022
758,1486,2022-09-28,1491,2022-10-12,True,-0.14342915811088297,0.0,2022
759,1487,2022-09-29,1492,2022-10-13,True,-0.1448462177888612,0.0,2022
760,1488,2022-09-30,1493,2022-10-14,True,-0.07807999999999993,0.0,2022
761,1489,2022-10-10,1494,2022-10-17,True,0.014853801169590675,1.0,2022
762,1490,2022-10-11,1495,2022-10-18,True,0.02422643319740958,1.0,2022
763,1491,2022-10-12,1496,2022-10-19,True,0.008030684406088895,1.0,2022
764,1492,2022-10-13,1497,2022-10-20,True,0.06281895504252732,1.0,2022
765,1493,2022-10-14,1498,2022-10-21,True,-0.014462570866597302,0.0,2022
766,1494,2022-10-17,1499,2022-10-24,True,-0.01463639506741965,0.0,2022
767,1495,2022-10-18,1500,2022-10-25,True,-0.01873536299765821,0.0,2022
768,1496,2022-10-19,1501,2022-10-26,True,0.029726516052318575,1.0,2022
769,1497,2022-10-20,1502,2022-10-27,True,-0.007545444152280756,0.0,2022
770,1498,2022-10-21,1503,2022-10-28,True,-0.025710260624559833,0.0,2022
771,1499,2022-10-24,1504,2022-10-31,True,-0.0377777777777778,0.0,2022
772,1500,2022-10-25,1505,2022-11-01,True,0.024582338902148004,1.0,2022
773,1501,2022-10-26,1506,2022-11-02,True,0.007505773672055405,1.0,2022
774,1502,2022-10-27,1507,2022-11-03,True,0.039626771109319225,1.0,2022
775,1503,2022-10-28,1508,2022-11-04,True,0.09615616339318,1.0,2022
776,1504,2022-10-31,1509,2022-11-07,True,0.0952959766622099,1.0,2022
777,1505,2022-11-01,1510,2022-11-08,True,0.03598881900768691,1.0,2022
778,1506,2022-11-02,1511,2022-11-09,True,0.010429799426934006,1.0,2022
779,1507,2022-11-03,1512,2022-11-10,True,-0.03855955678670353,0.0,2022
780,1508,2022-11-04,1513,2022-11-11,True,-0.020776080026382315,0.0,2022
781,1509,2022-11-07,1514,2022-11-14,True,0.028742647874819838,1.0,2022
782,1510,2022-11-08,1515,2022-11-15,True,0.14637436762225975,1.0,2022
783,1511,2022-11-09,1516,2022-11-16,True,0.17116606170598914,1.0,2022
784,1512,2022-11-10,1517,2022-11-17,True,0.24420882793592247,1.0,2022
785,1513,2022-11-11,1518,2022-11-18,True,0.16468343062415802,1.0,2022
786,1514,2022-11-14,1519,2022-11-21,True,0.08284789644012935,1.0,2022
787,1515,2022-11-15,1520,2022-11-22,True,-0.012258507404138475,0.0,2022
788,1516,2022-11-16,1521,2022-11-23,True,-0.03535108958837774,0.0,2022
789,1517,2022-11-17,1522,2022-11-24,True,-0.08642089662838093,0.0,2022
790,1518,2022-11-18,1523,2022-11-25,True,-0.03248192771084357,0.0,2022
791,1519,2022-11-21,1524,2022-11-28,True,-0.02311217373978869,0.0,2022
792,1520,2022-11-22,1525,2022-11-29,True,0.013701350277998348,1.0,2022
793,1521,2022-11-23,1526,2022-11-30,True,0.011947791164658828,1.0,2022
794,1522,2022-11-24,1527,2022-12-01,True,0.0310250430903376,1.0,2022
795,1523,2022-11-25,1528,2022-12-02,True,-0.016736401673639878,0.0,2022
796,1524,2022-11-28,1529,2022-12-05,True,0.019681827452579848,1.0,2022
797,1525,2022-11-29,1530,2022-12-06,True,0.0002938295788441625,1.0,2022
798,1526,2022-11-30,1531,2022-12-07,True,-0.006845917253695877,0.0,2022
799,1527,2022-12-01,1532,2022-12-08,True,-0.03156652571540941,0.0,2022
800,1528,2022-12-02,1533,2022-12-09,True,0.006686930091185372,1.0,2022
801,1529,2022-12-05,1534,2022-12-12,True,0.06710671067106722,1.0,2022
802,1530,2022-12-06,1535,2022-12-13,True,0.055713306570057686,1.0,2022
803,1531,2022-12-07,1536,2022-12-14,True,0.04395604395604402,1.0,2022
804,1532,2022-12-08,1537,2022-12-15,True,0.07879772542648245,1.0,2022
805,1533,2022-12-09,1538,2022-12-16,True,0.04287439613526578,1.0,2022
806,1534,2022-12-12,1539,2022-12-19,True,-0.057357075913777034,0.0,2022
807,1535,2022-12-13,1540,2022-12-20,True,-0.06093489148580966,0.0,2022
808,1536,2022-12-14,1541,2022-12-21,True,-0.03138755980861241,0.0,2022
809,1537,2022-12-15,1542,2022-12-22,True,-0.05544051204819289,0.0,2022
810,1538,2022-12-16,1543,2022-12-23,True,-0.08608376761242997,0.0,2022
811,1539,2022-12-19,1544,2022-12-26,True,0.006263670709882652,1.0,2022
812,1540,2022-12-20,1545,2022-12-27,True,0.02627160493827163,1.0,2022
813,1541,2022-12-21,1546,2022-12-28,True,0.01956135151155891,1.0,2022
814,1542,2022-12-22,1547,2022-12-29,True,0.028101644245142055,1.0,2022
815,1543,2022-12-23,1548,2022-12-30,True,0.08204857444561764,1.0,2022
816,1544,2022-12-26,1549,2023-01-03,True,0.019662088726410287,1.0,2022
817,1545,2022-12-27,1550,2023-01-04,True,-0.03368299489943216,0.0,2022
818,1546,2022-12-28,1551,2023-01-05,True,-0.005232558139534937,0.0,2022
819,1547,2022-12-29,1552,2023-01-06,True,-0.002810894639914796,0.0,2022
820,1548,2022-12-30,1553,2023-01-09,True,0.0252756904459841,1.0,2022
821,1549,2023-01-03,1554,2023-01-10,True,0.030813953488372015,1.0,2023
822,1550,2023-01-04,1555,2023-01-11,True,0.06662682999701208,1.0,2023
823,1551,2023-01-05,1556,2023-01-12,True,0.03574907461523491,1.0,2023
824,1552,2023-01-06,1557,2023-01-13,True,0.053946345256609796,1.0,2023
825,1553,2023-01-09,1558,2023-01-16,True,0.09480296973158198,1.0,2023
826,1554,2023-01-10,1559,2023-01-17,True,0.12812558751645065,1.0,2023
827,1555,2023-01-11,1560,2023-01-18,True,0.08954248366013062,1.0,2023
828,1556,2023-01-12,1561,2023-01-19,True,0.11755854415498912,1.0,2023
829,1557,2023-01-13,1562,2023-01-20,True,0.1309600664022872,1.0,2023
830,1558,2023-01-16,1563,2023-01-30,True,0.05416449313162941,1.0,2023
831,1559,2023-01-17,1564,2023-01-31,True,-0.04549620864927917,0.0,2023
832,1560,2023-01-18,1565,2023-02-01,True,-0.014482817722169639,0.0,2023
833,1561,2023-01-19,1566,2023-02-02,True,-0.014642766978035682,0.0,2023
834,1562,2023-01-20,1567,2023-02-03,True,-0.041670064421430286,0.0,2023
835,1563,2023-01-30,1568,2023-02-06,True,-0.056577319587628905,0.0,2023
836,1564,2023-01-31,1569,2023-02-07,True,-0.009253601047577664,0.0,2023
837,1565,2023-02-01,1570,2023-02-08,True,-0.01669565217391311,0.0,2023
838,1566,2023-02-02,1571,2023-02-09,True,0.008455034588777721,1.0,2023
839,1567,2023-02-03,1572,2023-02-10,True,-0.008253914227365544,0.0,2023
840,1568,2023-02-06,1573,2023-02-13,True,0.023253780924906042,1.0,2023
841,1569,2023-02-07,1574,2023-02-14,True,0.020882897171557113,1.0,2023
842,1570,2023-02-08,1575,2023-02-15,True,0.03263176512203758,1.0,2023
843,1571,2023-02-09,1576,2023-02-16,True,-0.04022696476964771,0.0,2023
844,1572,2023-02-10,1577,2023-02-17,True,-0.06700986700986711,0.0,2023
845,1573,2023-02-13,1578,2023-02-20,True,-0.06433148227253305,0.0,2023
846,1574,2023-02-14,1579,2023-02-21,True,-0.060504056620058644,0.0,2023
847,1575,2023-02-15,1580,2023-02-22,True,-0.07082298535582776,0.0,2023
848,1576,2023-02-16,1581,2023-02-23,True,-0.04235418688784964,0.0,2023
849,1577,2023-02-17,1582,2023-02-24,True,-0.015817546441052044,0.0,2023
850,1578,2023-02-20,1583,2023-02-27,True,-0.050219138056975865,0.0,2023
851,1579,2023-02-21,1584,2023-02-28,True,-0.036380339917317484,0.0,2023
852,1580,2023-02-22,1585,2023-03-01,True,-0.03686635944700456,0.0,2023
853,1581,2023-02-23,1586,2023-03-02,True,-0.030774900949046335,0.0,2023
854,1582,2023-02-24,1587,2023-03-03,True,-0.011866940758736622,0.0,2023
855,1583,2023-02-27,1588,2023-03-06,True,0.010574889444337598,1.0,2023
856,1584,2023-02-28,1589,2023-03-07,True,-0.03451234626751842,0.0,2023
857,1585,2023-03-01,1590,2023-03-08,True,-0.02583732057416266,0.0,2023
858,1586,2023-03-02,1591,2023-03-09,True,-0.02851982127578656,0.0,2023
859,1587,2023-03-03,1592,2023-03-10,True,-0.044633569739952805,0.0,2023
860,1588,2023-03-06,1593,2023-03-13,True,-0.034436834094368485,0.0,2023
861,1589,2023-03-07,1594,2023-03-14,True,0.03722721437740706,1.0,2023
862,1590,2023-03-08,1595,2023-03-15,True,0.031041257367386832,1.0,2023
863,1591,2023-03-09,1596,2023-03-16,True,0.030237792347587833,1.0,2023
864,1592,2023-03-10,1597,2023-03-17,True,0.040977927348312404,1.0,2023
865,1593,2023-03-13,1598,2023-03-20,True,0.06226600985221675,1.0,2023
866,1594,2023-03-14,1599,2023-03-21,True,0.023514851485148425,1.0,2023
867,1595,2023-03-15,1600,2023-03-22,True,0.010384908536585469,1.0,2023
868,1596,2023-03-16,1601,2023-03-23,True,0.1080927051671734,1.0,2023
869,1597,2023-03-17,1602,2023-03-24,True,0.12104212227821631,1.0,2023
870,1598,2023-03-20,1603,2023-03-27,True,0.05741049897978123,1.0,2023
871,1599,2023-03-21,1604,2023-03-28,True,0.011998883824760442,1.0,2023
872,1600,2023-03-22,1605,2023-03-29,True,0.0845827439886846,1.0,2023
873,1601,2023-03-23,1606,2023-03-30,True,0.03994513972226987,1.0,2023
874,1602,2023-03-24,1607,2023-03-31,True,0.034775233248515613,1.0,2023
