candidate,reference,cutoff,seed,mode,return_mse_candidate,return_mse_reference,return_mse_difference,auxiliary_mse_candidate,auxiliary_mse_reference,auxiliary_mse_difference,joint_mse_candidate,joint_mse_reference,joint_mse_difference
constant40,prefix20,2017-12-31,20260910,eval,0.7029378729107485,0.9035683571859784,-0.2006304842752299,0.95555514561654,1.0320103441779107,-0.07645519856137073,0.7984933874724025,1.0067693916037694,-0.20827600413136693
constant40,prefix20,2017-12-31,20260910,dropout,0.7891906115060885,0.9341420274712856,-0.14495141596519712,0.9717663028177552,1.0333277961934102,-0.061561493375654974,0.8863672417878641,1.0374748070906266,-0.15110756530276248
constant40,prefix20,2017-12-31,20260911,eval,0.7154675459928985,0.9383147261743836,-0.22284718018148508,0.9070784575544536,1.0268788914483693,-0.1198004338939157,0.8061753917483439,1.0410026153192204,-0.2348272235708766
constant40,prefix20,2017-12-31,20260911,dropout,0.7849480291173837,0.9491028362325543,-0.1641548071151706,0.9350409698078722,1.034583736452495,-0.0995427666446228,0.878452126098171,1.0525612098778039,-0.17410908377963286
constant40,prefix20,2017-12-31,20260912,eval,0.6947967927825345,0.8647827002667409,-0.1699859074842064,0.949723186248889,1.0581026276411474,-0.10837944139225841,0.7897691114074233,0.9705929630308556,-0.18082385162343229
constant40,prefix20,2017-12-31,20260912,dropout,0.7679174981483208,0.9040725119644053,-0.13615501381608452,0.9656734098666442,1.067162339053593,-0.10148892918694874,0.8644848391349851,1.0107887458697644,-0.14630390673477933
constant40,prefix20,2018-12-31,20260910,eval,0.701669870406377,0.8408978699111447,-0.13922799950476772,0.8807623924426676,0.978892420167913,-0.09813002772524537,0.7897461096506437,0.938787111927936,-0.14904100227729222
constant40,prefix20,2018-12-31,20260910,dropout,0.7662927288465914,0.8891595404771073,-0.12286681163051594,0.909870271307728,0.9960187141221639,-0.0861484428144359,0.8572797559773642,0.9887614118893238,-0.1314816559119596
constant40,prefix20,2018-12-31,20260911,eval,0.7413527703845463,0.8820400550238803,-0.140687284639334,0.8986098929068373,1.0100207789425333,-0.11141088603569593,0.83121375967523,0.9830421329181336,-0.15182837324290355
constant40,prefix20,2018-12-31,20260911,dropout,0.8128606452824219,0.9147553698589785,-0.10189472457655668,0.9303267785151166,1.0198916013290518,-0.08956482281393519,0.9058933231339336,1.0167445299918838,-0.11085120685795025
constant40,prefix20,2018-12-31,20260912,eval,0.7371632399250132,0.9068090927422244,-0.16964585281721123,1.0067130745849624,1.0478992922108412,-0.04118621762587882,0.8378345473835095,1.0115990219633086,-0.17376447457979916
constant40,prefix20,2018-12-31,20260912,dropout,0.8017764622150665,0.9325272357414409,-0.13075077352637443,1.0086933765528876,1.0482933637429124,-0.03959998719002478,0.9026457998703553,1.037356572115732,-0.13471077224537675
constant40,prefix20,2019-12-31,20260910,eval,0.7108909996325387,0.9083641118845436,-0.19747311225200492,0.922859711662864,1.013135403589137,-0.09027569192627294,0.8031769707988251,1.0096776522434574,-0.2065006814446323
constant40,prefix20,2019-12-31,20260910,dropout,0.7798234759560759,0.9296237419058506,-0.1498002659497747,0.9409375073331221,1.0179009574228859,-0.0769634500897638,0.8739172266893881,1.0314138376481392,-0.15749661095875112
constant40,prefix20,2019-12-31,20260911,eval,0.7244897830807426,0.882861090183672,-0.15837130710292935,0.8816943349398448,0.977236361170992,-0.09554202623114716,0.8126592165747271,0.9805847263007712,-0.16792550972604414
constant40,prefix20,2019-12-31,20260911,dropout,0.8004301655613602,0.9218434359624514,-0.12141327040109129,0.9160558484219375,0.9948030152766778,-0.07874716685474026,0.8920357504035539,1.0213237374901194,-0.12928798708656553
constant40,prefix20,2019-12-31,20260912,eval,0.7086578012724616,0.9001538581460073,-0.19149605687354576,0.9870995094418938,1.039286982510712,-0.05218747306881821,0.8073677522166509,1.0040825563970786,-0.19671480418042764
constant40,prefix20,2019-12-31,20260912,dropout,0.7783014707770743,0.9246408928886951,-0.14633942211162076,0.9947631483527618,1.0396378361146819,-0.04487468776192005,0.8777777856123505,1.028604676500163,-0.15082689088781254
decay40,prefix20,2017-12-31,20260910,eval,0.8512454428034503,0.9035683571859784,-0.05232291438252812,1.022605452020525,1.0320103441779107,-0.009404892157385714,0.9535059880055028,1.0067693916037694,-0.053263403598266645
decay40,prefix20,2017-12-31,20260910,dropout,0.898263010975864,0.9341420274712856,-0.03587901649542158,1.0264379435789988,1.0333277961934102,-0.00688985261441144,1.000906805333764,1.0374748070906266,-0.03656800175686259
decay40,prefix20,2017-12-31,20260911,eval,0.8993873342770974,0.9383147261743836,-0.03892739189728622,0.9927899420119298,1.0268788914483693,-0.034088949436439475,0.9986663284782904,1.0410026153192204,-0.04233628684093005
decay40,prefix20,2017-12-31,20260911,dropout,0.9209159454575401,0.9491028362325543,-0.02818689077501424,1.0081196624388267,1.034583736452495,-0.02646407401366835,1.0217279117014226,1.0525612098778039,-0.030833298176381252
decay40,prefix20,2017-12-31,20260912,eval,0.8249416233182681,0.8647827002667409,-0.03984107694847272,1.0450377907510735,1.0581026276411474,-0.013064836890073872,0.9294454023933756,0.9705929630308556,-0.04114756063748004
decay40,prefix20,2017-12-31,20260912,dropout,0.8760082959010274,0.9040725119644053,-0.028064216063377945,1.0533416148916739,1.067162339053593,-0.01382072416191904,0.9813424573901947,1.0107887458697644,-0.02944628847956976
decay40,prefix20,2018-12-31,20260910,eval,0.8095241609531505,0.8408978699111447,-0.031373708957994184,0.9612897223929202,0.978892420167913,-0.017602697774992793,0.9056531331924426,0.938787111927936,-0.0331339787354934
decay40,prefix20,2018-12-31,20260910,dropout,0.861220445304143,0.8891595404771073,-0.027939095172964334,0.980250621628053,0.9960187141221639,-0.01576809249411093,0.9592455074669484,0.9887614118893238,-0.029515904422375394
decay40,prefix20,2018-12-31,20260911,eval,0.8254735146200953,0.8820400550238803,-0.05656654040378495,0.97888102031612,1.0100207789425333,-0.031139758626413272,0.9233616166517074,0.9830421329181336,-0.05968051626642623
decay40,prefix20,2018-12-31,20260911,dropout,0.8742761106726358,0.9147553698589785,-0.040479259186342764,0.9944433077628289,1.0198916013290518,-0.025448293566222913,0.9737204414489187,1.0167445299918838,-0.04302408854296513
decay40,prefix20,2018-12-31,20260912,eval,0.8451892867590695,0.9068090927422244,-0.061619805983154974,1.0390488639268356,1.0478992922108412,-0.008850428284005618,0.949094173151753,1.0115990219633086,-0.0625048488115556
decay40,prefix20,2018-12-31,20260912,dropout,0.8904043474458837,0.9325272357414409,-0.042122888295557215,1.0375881559993125,1.0482933637429124,-0.010705207743599843,0.9941631630458149,1.037356572115732,-0.0431934090699172
decay40,prefix20,2019-12-31,20260910,eval,0.8422515280715615,0.9083641118845436,-0.06611258381298213,1.0068921334095144,1.013135403589137,-0.006243270179622451,0.9429407414125128,1.0096776522434574,-0.06673691083094457
decay40,prefix20,2019-12-31,20260910,dropout,0.8814804102262145,0.9296237419058506,-0.04814333167963614,1.0121459223274099,1.0179009574228859,-0.005755035095476035,0.9826950024589555,1.0314138376481392,-0.04871883518918374
decay40,prefix20,2019-12-31,20260911,eval,0.847972558157336,0.882861090183672,-0.03488853202633602,0.9594582498667216,0.977236361170992,-0.017778111304270428,0.943918383144008,0.9805847263007712,-0.036666343156763204
decay40,prefix20,2019-12-31,20260911,dropout,0.8993633860485246,0.9218434359624514,-0.022480049913926825,0.9803205733125122,0.9948030152766778,-0.014482441964165593,0.9973954433797757,1.0213237374901194,-0.023928294110343695
decay40,prefix20,2019-12-31,20260912,eval,0.8576051218788528,0.9001538581460073,-0.0425487362671545,1.0331417317943128,1.039286982510712,-0.006145250716399264,0.960919295058284,1.0040825563970786,-0.043163261338794556
decay40,prefix20,2019-12-31,20260912,dropout,0.8914686891817023,0.9246408928886951,-0.03317220370699281,1.0336014976881995,1.0396378361146819,-0.006036338426482324,0.9948288389505223,1.028604676500163,-0.03377583754964075
decay40,constant40,2017-12-31,20260910,eval,0.8512454428034503,0.7029378729107485,0.14830756989270177,1.022605452020525,0.95555514561654,0.06705030640398502,0.9535059880055028,0.7984933874724025,0.1550126005331003
decay40,constant40,2017-12-31,20260910,dropout,0.898263010975864,0.7891906115060885,0.10907239946977554,1.0264379435789988,0.9717663028177552,0.054671640761243534,1.000906805333764,0.8863672417878641,0.11453956354589989
decay40,constant40,2017-12-31,20260911,eval,0.8993873342770974,0.7154675459928985,0.18391978828419886,0.9927899420119298,0.9070784575544536,0.08571148445747623,0.9986663284782904,0.8061753917483439,0.19249093672994655
decay40,constant40,2017-12-31,20260911,dropout,0.9209159454575401,0.7849480291173837,0.13596791634015637,1.0081196624388267,0.9350409698078722,0.07307869263095446,1.0217279117014226,0.878452126098171,0.1432757856032516
decay40,constant40,2017-12-31,20260912,eval,0.8249416233182681,0.6947967927825345,0.13014483053573367,1.0450377907510735,0.949723186248889,0.09531460450218454,0.9294454023933756,0.7897691114074233,0.13967629098595225
decay40,constant40,2017-12-31,20260912,dropout,0.8760082959010274,0.7679174981483208,0.10809079775270658,1.0533416148916739,0.9656734098666442,0.0876682050250297,0.9813424573901947,0.8644848391349851,0.11685761825520957
decay40,constant40,2018-12-31,20260910,eval,0.8095241609531505,0.701669870406377,0.10785429054677353,0.9612897223929202,0.8807623924426676,0.08052732995025258,0.9056531331924426,0.7897461096506437,0.11590702354179883
decay40,constant40,2018-12-31,20260910,dropout,0.861220445304143,0.7662927288465914,0.0949277164575516,0.980250621628053,0.909870271307728,0.07038035032032497,0.9592455074669484,0.8572797559773642,0.1019657514895842
decay40,constant40,2018-12-31,20260911,eval,0.8254735146200953,0.7413527703845463,0.08412074423554905,0.97888102031612,0.8986098929068373,0.08027112740928266,0.9233616166517074,0.83121375967523,0.09214785697647732
decay40,constant40,2018-12-31,20260911,dropout,0.8742761106726358,0.8128606452824219,0.06141546539021392,0.9944433077628289,0.9303267785151166,0.06411652924771227,0.9737204414489187,0.9058933231339336,0.06782711831498511
decay40,constant40,2018-12-31,20260912,eval,0.8451892867590695,0.7371632399250132,0.10802604683405626,1.0390488639268356,1.0067130745849624,0.0323357893418732,0.949094173151753,0.8378345473835095,0.11125962576824355
decay40,constant40,2018-12-31,20260912,dropout,0.8904043474458837,0.8017764622150665,0.08862788523081722,1.0375881559993125,1.0086933765528876,0.028894779446424934,0.9941631630458149,0.9026457998703553,0.09151736317545955
decay40,constant40,2019-12-31,20260910,eval,0.8422515280715615,0.7108909996325387,0.1313605284390228,1.0068921334095144,0.922859711662864,0.08403242174665049,0.9429407414125128,0.8031769707988251,0.13976377061368772
decay40,constant40,2019-12-31,20260910,dropout,0.8814804102262145,0.7798234759560759,0.10165693427013855,1.0121459223274099,0.9409375073331221,0.07120841499428776,0.9826950024589555,0.8739172266893881,0.10877777576956738
decay40,constant40,2019-12-31,20260911,eval,0.847972558157336,0.7244897830807426,0.12348277507659333,0.9594582498667216,0.8816943349398448,0.07776391492687673,0.943918383144008,0.8126592165747271,0.13125916656928094
decay40,constant40,2019-12-31,20260911,dropout,0.8993633860485246,0.8004301655613602,0.09893322048716446,0.9803205733125122,0.9160558484219375,0.06426472489057466,0.9973954433797757,0.8920357504035539,0.10535969297622183
decay40,constant40,2019-12-31,20260912,eval,0.8576051218788528,0.7086578012724616,0.14894732060639126,1.0331417317943128,0.9870995094418938,0.04604222235241895,0.960919295058284,0.8073677522166509,0.15355154284163308
decay40,constant40,2019-12-31,20260912,dropout,0.8914686891817023,0.7783014707770743,0.11316721840462796,1.0336014976881995,0.9947631483527618,0.03883834933543773,0.9948288389505223,0.8777777856123505,0.11705105333817178
